daily_screen_time_hours,sleep_duration_hours,sleep_quality,mood_rating,stress_level,physical_activity_hours_per_week,mental_health_score,caffeine_intake_mg_per_day,weekly_anxiety_score,weekly_depression_score,mindfulness_minutes_per_day
4.8,6.6,6,6,10,0.7,32,125.2,13,15,4
3.9,4.5,7,5,6,4.3,75,150.4,19,18,6.5
10.5,7.1,9,5,5,3.1,22,187.9,7,3,6.9
8.8,5.1,9,10,5,0,22,73.6,7,2,4.8
5.9,7.4,2,8,7,3,64,217.5,8,10,0
9.9,6,3,10,2,3.3,72,102.8,17,16,11.5
5.8,5.9,4,1,9,6.8,45,162.8,6,4,7.9
7.4,5.3,6,8,2,3.5,23,147.1,9,8,4.4
6,7.1,5,7,9,0,35,109.7,0,0,21.2
6.8,7.1,6,1,4,3.5,47,206.8,3,8,8.1
6.6,6,8,9,10,3.3,27,110.3,19,3,10.5
5.2,8.7,2,4,10,4.2,73,220.9,3,15,16.4
8.2,6.5,6,7,6,8.3,59,183.4,13,14,0
7.4,6.5,9,3,1,1.9,35,112.5,4,9,9.8
8.1,6.6,5,8,5,1.7,50,90.1,4,4,16.3
6.6,5.7,1,4,6,3.9,42,203.3,18,15,9.3
4.2,5.3,8,2,9,6.7,21,92.9,20,5,0
9.4,6.1,4,2,9,4.3,28,143.3,4,15,6.1
5.5,7.3,8,8,9,2.3,46,184.8,10,3,11.5
6.7,4.3,4,8,3,5,64,173.2,1,20,0
7.3,4.7,8,1,4,6.6,73,139.9,14,14,0
6.7,5.8,9,6,8,1.5,78,113.5,13,2,25.8
7.8,4.3,5,9,8,1,78,186.1,13,18,13.9
8.1,4.8,5,9,2,3.1,41,56,7,8,21.9
5.6,7.5,2,2,8,3.6,63,163,19,4,16.9
9.3,6,9,8,7,5.8,53,85.2,7,15,13.2
5.5,5.5,4,8,9,2.1,28,106.1,4,2,7.5
6.7,6.7,3,4,5,3.8,52,168.4,4,7,13
5.2,6.6,2,4,2,6.1,57,112.5,13,13,21.6
4.7,7.9,3,5,5,3.4,75,207.9,4,2,16.6
8.1,4.4,4,10,2,2.2,53,185.3,8,15,11.3
12.2,5.4,9,7,5,4.1,54,115.1,10,6,8.6
5.3,5.8,6,1,9,2.3,77,138.7,16,8,14
8.4,7,10,9,7,3.7,66,94.8,11,2,5.7
5.3,10,5,3,7,2.6,45,173.6,11,7,14
6,7.2,9,4,1,2.7,26,228.4,15,11,4.4
9.5,6.2,8,7,9,2.2,64,90.2,0,16,7.2
3.9,5,6,5,6,1.9,67,159.4,17,13,1.8
3.3,4.9,3,5,7,5,64,166.2,5,15,6.5
5.8,7.6,7,1,2,3.4,46,87.5,4,18,4.5
7.3,5.5,10,2,1,5.5,31,99.6,17,3,23.5
6.9,6.1,6,5,4,0,36,59.6,12,2,2.8
6.7,8.5,8,2,9,2,40,178,5,12,13.1
6.1,4.4,6,1,9,1.5,62,132,6,8,2.4
7.6,6.8,10,10,3,2.5,41,113.7,2,12,10.4
0.2,5.4,4,3,1,0.9,45,253.2,10,11,12.3
4.5,8.5,10,1,2,0,58,59.9,7,20,0
5.8,5.4,7,10,9,4.3,32,214.3,3,14,0
7.4,7.3,7,8,9,1.8,61,42.3,9,2,2.4
9,4.3,8,8,1,4.1,61,124,8,2,0
4.2,8.4,2,8,9,0.6,64,65.1,12,1,10.7
8.9,7.6,6,7,1,0,42,109,18,5,11.9
5.1,5.8,3,7,10,3.5,70,123,14,15,1.5
5.7,7,8,2,4,4.3,49,114.5,4,17,11
7.2,7.6,4,9,5,1.8,74,162.5,12,8,6.6
5.6,6.7,4,7,8,1,36,193.9,11,2,9.2
8.2,6,2,5,5,5.5,46,144.3,8,15,5
5.2,6.4,6,4,5,2.9,39,166.2,7,3,13.9
5.2,6.6,6,8,4,1,26,228,8,13,23.1
8.1,6.6,1,5,9,0,74,115.1,20,3,16.2
4.5,7,8,6,8,1.6,23,195.2,12,17,21.1
6.5,5.3,3,4,9,2.2,68,276.3,8,17,0
2.7,5.7,1,2,7,4.5,50,240.7,5,17,4.6
9.6,6,10,7,7,3,49,231.5,5,20,14.5
8.4,7.1,1,2,5,2.7,50,186.4,10,2,22.1
11.5,4.7,1,7,10,1.2,75,207.6,9,6,15.2
8.7,6.7,5,7,1,5.8,23,125.8,13,12,1.8
3.7,7.4,5,1,6,5,37,145.9,5,6,6.5
7.3,6.6,1,10,10,4.8,39,140.1,6,12,12.7
4.2,6.6,5,10,6,2.9,59,116.8,8,3,8.7
9.2,6.1,7,3,10,3.8,59,157.3,2,15,3.6
3.8,6.6,5,3,4,0,72,123.8,11,14,7.7
3.7,6,9,6,2,3.4,67,153.1,15,12,9.9
2.8,6.3,4,3,1,6.8,66,81,12,9,1.3
5,6,9,9,3,1.8,69,123.3,5,9,17.9
4.6,6.3,8,5,9,1,42,215.8,12,4,6.5
3.5,6.1,1,6,1,2.7,70,159.7,4,3,9.4
10,5.1,4,6,5,1.3,57,216.7,3,18,18.3
7.1,4.7,7,8,10,1.2,28,119.7,7,14,9
6.8,6.6,1,10,6,3.5,80,137.6,2,8,17.8
9.2,7.2,8,3,9,4.6,35,160.7,1,15,1.8
6.5,8.4,2,9,1,3.5,40,140.3,19,3,13.5
4.5,7.8,8,7,5,0.7,28,80.3,18,10,16.7
2.6,7.6,4,6,1,1.7,71,178.3,6,16,3.4
4.4,6.8,8,1,2,3.6,44,100.7,11,20,8.6
9,6.6,1,4,2,4.3,68,149.5,3,0,8.7
3.5,5.6,5,5,5,2.6,55,43.5,9,8,11.7
6.7,5.4,9,2,10,1.2,66,117.6,8,11,13.8
8.1,6.7,7,1,4,4.5,62,143.7,11,11,2.7
6.6,5.5,3,2,6,6.6,33,178.1,10,9,9.5
6.8,6.4,4,8,5,5.2,36,88.2,20,8,22.7
7.3,3.5,10,10,2,7,47,105.4,18,20,18.4
6.8,7.1,7,6,9,1.8,64,238.2,1,19,16.4
9.2,5.3,6,10,10,5.1,60,248.3,5,15,8.5
3.9,4.8,4,2,8,5.6,75,175.7,5,12,27
6.5,7.4,3,9,9,2,67,214,0,2,18.2
2.4,7.7,2,8,6,1.3,27,130.3,6,17,10.3
1.9,6.4,10,4,5,1.1,33,182.7,11,3,11.8
5.8,5.6,9,10,5,2.8,34,180.2,20,18,6.3
7.1,7.4,3,7,2,0,58,102.9,11,12,13.1
9.3,5.6,7,3,4,6.4,44,159.8,19,12,14.7
10.8,6.3,1,6,2,0.4,78,135.2,20,11,15.6
8.6,8.1,8,3,2,3.8,30,168.4,5,0,8.6
7.5,7,1,10,8,0,48,123.2,13,1,0
6.3,6.4,2,3,4,7.1,22,77.3,16,2,11.9
2.9,6.2,1,9,4,5.5,58,150.9,16,20,15.7
5.7,6.6,4,6,7,0,41,191.5,17,20,2.2
8.6,6.8,2,8,4,3.6,56,191.5,12,12,9.3
7.8,5.1,1,4,9,2.5,60,61.2,12,11,20.7
3.4,7.9,1,4,9,3.3,39,159.1,10,15,0.4
7.2,6,2,8,3,4.3,38,184.4,2,13,7.7
7.1,6.3,6,7,6,1.4,32,156.9,16,13,21.9
6.7,7.5,2,5,7,2.9,46,193.2,1,16,11.3
5.9,6.3,2,2,3,0,38,79.5,1,4,5.8
7.3,7.6,8,6,4,3.2,35,92.7,6,5,9.9
7.4,6.4,5,1,1,0,21,179.5,9,9,16.6
4.7,6.6,8,7,9,5.6,20,132.6,13,8,8.4
6.9,6.8,8,9,7,0.1,22,208.6,20,6,14.8
5.6,6.9,2,5,10,3.6,43,165.3,18,3,11.9
3,7.2,7,5,7,4.7,63,105.2,16,6,12.5
4.9,7.8,9,7,9,6.7,57,102.7,15,10,15.3
2.9,7.7,8,5,6,6.5,21,56.2,16,5,7.6
8,5.5,9,10,8,5.8,75,184.4,17,15,2.4
6.7,8.2,8,4,5,3,35,144.2,10,15,13.8
5.3,4.5,4,1,8,5.2,48,195.8,18,12,8.9
8.8,5.7,10,6,10,3.6,56,162.9,10,11,6.4
6.1,6.3,7,9,1,3.7,63,155.7,9,1,14.2
3.1,5.1,9,4,3,1.8,23,190.8,13,20,20.2
5.1,6.8,9,10,4,6.5,33,145.1,13,12,8.8
9.3,7.4,4,4,9,1.4,36,133.4,9,0,10.1
4.7,5.6,7,5,8,0.9,63,150,20,9,0.5
6.6,7.1,6,6,8,3.8,64,192.1,3,9,8.2
7.5,7.5,3,3,2,0,36,102.9,9,10,11.8
7.2,4.2,10,9,7,3.2,39,196.2,5,8,9.8
10.9,6.7,6,1,3,6.3,79,153.2,10,3,7.1
3.6,6.9,8,6,6,3.8,66,130.8,17,16,15.8
3.8,5.4,2,6,4,3.1,48,159.2,5,18,10.5
3.7,5.1,3,8,6,1.3,60,208.8,20,9,30.7
5.4,5.7,8,5,4,0,45,208.4,14,12,11.7
8.2,6.3,4,9,3,4.7,61,169.6,5,1,0
3.9,5.6,4,9,2,3.1,57,181.3,19,8,1.1
8.2,7.2,2,2,4,4.2,36,152.2,0,6,14.3
6.1,7,10,5,10,0,31,120.8,8,9,4.9
3.8,7,1,7,2,4.5,75,172.2,13,11,5.4
2.5,8,7,2,7,7,47,127.6,2,19,0.1
2.9,7.3,4,7,1,5.7,28,98.7,0,10,6.2
4.7,6.8,6,9,1,3.6,51,128.9,13,3,11.6
5.7,5,8,8,5,0.9,53,67.9,13,11,13.1
8.7,7.9,7,10,7,3.2,35,88.1,3,11,1.8
7.6,8,7,9,1,3.3,67,251.5,13,7,16.4
4.3,6.1,6,4,4,2,73,206.3,3,19,0.5
6.8,5.5,4,8,5,2.2,50,138,10,13,13.5
9.3,7.4,4,9,2,7.2,74,176.1,19,6,12.7
9.7,4.3,9,10,7,1.1,46,102.5,8,2,2.5
5.4,7,5,2,4,2.1,48,183.1,10,18,1.6
7.9,8.3,9,10,8,4.1,20,163.1,14,13,13.1
8.8,6,9,3,1,7.4,46,114.8,5,18,5.5
3,6.8,4,1,10,2.4,72,133.8,11,9,8.5
5,6.6,2,1,1,0,51,130.4,12,11,15.5
10.4,7.8,2,10,1,0,78,192.5,17,17,13.8
5.4,6.6,9,6,4,8,30,145.9,13,18,2.7
0.1,6.1,9,1,1,0,72,71.1,10,17,9.6
5.8,4.7,3,5,5,3.2,54,127.6,1,12,2.5
8.2,6.6,5,6,6,0,21,110.9,18,16,17
6,6.4,5,9,7,1.4,65,76.1,1,20,22.3
7.4,4.1,2,6,8,1.7,20,111.9,16,5,3.2
7.9,5.3,2,4,8,0,25,42.1,7,15,9.8
5.3,5.8,10,1,2,5.4,26,103.5,4,17,17.3
5,5.8,1,6,4,3.9,21,159.8,10,8,10.2
6.3,6.5,2,7,7,2.1,21,172.7,19,12,14.5
6.4,6.4,7,5,9,1.9,66,175.2,0,3,10.4
6.1,6.4,1,6,9,5.2,72,197.9,19,12,1.5
6.2,9.2,1,10,3,3.2,24,209.4,15,2,11
4.5,6,9,8,7,7.2,32,98.8,4,3,19
7.5,5.5,2,1,4,2.1,38,81.2,15,18,12.5
7.2,8.4,4,8,9,3.9,38,152.1,4,0,23
3.3,8.3,3,2,7,0.5,66,177.3,9,0,0
5.2,5.2,4,2,6,2.1,20,108.2,8,8,13
6.2,8,7,8,9,5.1,54,163.2,18,2,4.8
4.9,4.3,10,2,7,5.4,76,241.1,2,2,3
7.3,9.9,2,8,8,6.7,37,83.2,8,17,20.7
5.9,8.6,2,5,5,3.9,68,150.3,19,1,8
6.3,7.1,9,9,4,5.5,76,201.9,7,10,7.2
5.2,7.5,6,9,1,4.2,51,140.1,3,8,12.7
2,7,7,8,8,2.2,51,170.6,10,1,0
1.9,5.7,5,9,6,0,72,195.5,3,19,20.8
7.2,7.9,5,7,4,2.5,27,134.9,11,3,25.2
6.5,8.1,4,8,3,0.7,30,96.9,6,8,17.3
6.9,5.6,8,6,5,5.1,39,145,7,13,13.3
6.3,6.5,7,9,4,5.2,27,95.3,9,18,8.3
6.4,5,10,2,7,1,47,122.5,12,15,1.4
7.9,6.4,2,3,6,5.2,40,172.1,13,13,19.6
6.9,6.2,2,2,3,0.6,57,159.1,15,14,17.3
8.1,8,6,6,10,5.9,57,199.9,6,17,13.6
6.3,8.4,1,3,1,2.7,25,161.6,15,14,12.7
5.4,5.2,7,1,7,3.9,21,111,16,18,12.4
6.4,7.4,8,4,5,5.9,29,100.2,19,8,5.8
4.3,7.6,10,5,1,4.2,61,181.4,18,20,30
5.2,4.4,8,4,1,2.7,28,162,11,20,7.7
6.4,7.7,3,6,6,4.7,74,140.4,8,15,6.6
6.3,4.7,7,3,4,1.1,22,166.9,7,16,19
5.8,5.9,1,10,8,0,21,114.8,8,9,9.8
3.2,5.4,3,6,2,5.3,55,27.7,4,4,9.8
7.3,4.6,6,10,4,0.4,27,202.1,20,8,21.3
7.7,7.8,9,1,8,4.8,28,182.4,9,13,15.4
9.3,5.4,5,6,8,3.3,45,145.7,4,9,15.8
6.9,6,5,8,5,3,53,105.1,13,0,0
6,6.5,9,10,3,1.1,67,139.3,17,19,13.2
4,7.4,9,8,4,2.1,49,63.5,6,2,2
9,5.3,6,1,3,3,57,155.7,7,15,6.4
6.5,7.1,5,7,2,3.4,27,53.2,4,4,11.4
6.4,6.2,10,10,4,1.2,22,155.3,5,12,9.7
5.5,5.3,2,10,9,4.5,30,114.7,19,4,15.2
5.4,7.7,8,4,6,4.6,44,142.6,8,10,16.2
7.4,9,8,6,4,4,71,93,20,16,16.8
4,6.7,7,6,1,2.1,24,225.4,8,2,0
9.3,5.8,8,5,7,4.7,31,168,7,5,28.9
8.8,5.6,3,10,2,4.2,74,115.6,16,15,9.8
5.3,7.5,3,9,6,0,49,141,7,19,19.7
4.3,6.5,2,10,10,3.4,46,230.3,0,1,0
2,5.2,1,8,1,6.9,62,102.5,17,4,7.9
3.5,4.5,3,6,7,4.9,24,94.4,14,18,0
7.5,7,3,4,4,5.3,39,92.2,15,19,3.1
6.6,5,7,4,3,1.6,71,115.9,1,10,10.4
7,6,10,9,10,3.3,40,224.8,12,17,7.3
2.3,8.5,9,4,7,2.6,22,122,1,2,20.5
5.2,5.5,1,7,3,3,60,129.1,13,11,24.2
8.7,7.8,8,6,8,2,79,160.1,6,12,2.3
5.8,5.3,1,2,4,0.5,69,148.4,10,20,6.1
3.5,7.5,3,5,3,3.1,63,198.5,14,19,1.8
5.8,7.2,4,3,7,1.4,74,191.1,16,19,19.2
4.5,7.1,8,9,7,4.2,23,166.4,20,8,11.3
6.7,5.8,1,10,9,2.9,43,138.5,16,8,10.3
6,7.3,2,1,10,0,26,198,14,6,12.5
7.1,6.9,5,10,7,5.8,43,110.6,15,0,7.5
3.6,8.8,6,4,6,3.9,71,107.4,8,0,3.1
5.1,5.8,5,4,3,2.1,30,129.6,20,18,10.4
8.2,8,3,9,4,2.3,21,208.1,20,2,7.9
3.3,5.4,10,1,8,0.5,74,108.2,19,6,12.8
4,6.2,7,2,6,2.9,63,120,18,11,0
6.4,5.7,1,1,9,4.4,60,158.7,8,15,11.5
6.6,5.9,2,1,8,6.5,25,147.2,5,12,4.5
5,6.3,9,1,8,2.8,26,131,0,17,11.2
5.4,8.2,4,3,10,3.1,57,173.4,4,16,17.2
7.1,7,8,4,10,5.4,37,126.3,4,8,5.6
7.7,8,9,10,7,0.7,64,202.8,0,13,19.6
3.9,6.5,7,2,10,3.3,28,161.9,0,4,0
6.7,8,1,1,1,1.5,72,200.8,5,10,22.4
9,6.8,5,5,5,3.3,47,110.5,8,19,19.9
5.8,5.6,6,6,7,4.9,38,142.6,18,5,2.9
3.8,7.8,8,2,10,0,23,55.1,4,5,3
3.7,8.3,10,3,9,5.2,23,216.9,20,7,0
5.7,7.3,8,10,4,3.7,32,264.7,16,0,17.4
8.1,7.5,9,3,8,3.3,47,135.6,19,8,7.4
5.9,8,9,2,1,5.7,76,168.6,11,9,6.8
6.4,6.2,4,4,4,1.4,30,155.7,5,16,1
4,5.6,6,5,4,0.3,72,85.4,12,2,24.5
8,6.9,3,8,2,1,21,212.4,7,20,2.2
3.7,8.6,1,6,3,4.1,25,136.3,2,12,10.2
5,6.9,6,9,3,2,31,47.6,10,7,11.7
7.3,7.3,1,3,9,1.3,74,114.2,19,19,6.8
1.9,6.6,9,10,7,1,59,80.3,0,13,5.2
6.3,6.9,6,9,2,3.3,56,156.1,13,19,7
3.9,5.9,1,4,9,2.9,75,155.8,20,7,14.5
6,7.2,3,8,8,0.2,43,209.3,12,18,7.2
5.3,7.6,1,10,6,0.2,71,241.5,14,12,23
10.2,4.7,2,7,6,1.9,74,245.6,20,5,3.8
5.2,4.7,6,7,2,4.8,79,98.7,7,3,16
9.7,4.4,7,9,3,2.1,80,181,14,5,0
7.2,8.3,1,10,6,0,28,189.8,12,19,3.8
4.4,5.4,10,2,3,2.8,45,123.8,0,1,3.5
6.7,6.9,5,5,7,3.1,23,164.4,10,9,1.2
5.4,8.6,6,3,5,0,60,170,19,10,12.3
6.5,6.9,4,7,4,0.6,63,125.7,14,10,9.1
4.6,7.1,6,3,8,4.5,23,214.1,20,2,0
9.4,5.5,5,5,2,0.5,68,161.8,3,10,26
7.9,6.9,7,5,3,4.6,71,141.4,5,7,11.4
6.1,5.3,4,2,10,0,53,88.8,11,16,10
9.5,4.2,1,1,4,0,41,207.6,0,0,20.5
6.1,6.6,2,6,10,3,32,153.7,9,15,17.9
8.2,6.9,6,1,6,1.5,34,153.9,17,19,7.6
6.1,5.9,10,9,5,1.9,59,107.7,0,6,0
6.8,5.6,2,10,5,3.3,57,194.7,6,7,14.5
5.8,6.2,5,5,7,1.9,60,93.3,1,12,2.3
6.2,5.6,4,1,8,1.1,73,39.6,7,4,19.9
6.3,7.4,7,8,6,4,62,114.6,0,17,3.8
4.7,7,4,1,3,3.4,74,167.4,18,11,6.4
5.2,8.5,7,4,4,3.1,63,166.9,5,15,0
5.6,6.1,8,7,1,3,72,157,10,2,0
6.5,6.6,7,4,5,1.4,75,141.4,18,11,9.1
5.9,6.7,2,5,10,1,21,157.9,9,18,8.4
8.3,6.1,1,7,8,2.3,21,293,15,19,6.2
7.7,4.1,5,4,3,1.4,62,162.5,15,17,26.4
5.6,7,7,5,10,3,27,128.9,9,7,14.8
8.8,9.3,1,7,4,2.2,57,144.8,17,12,10.1
9.7,7.7,8,1,4,3,37,139.6,17,7,0
1.9,8.8,3,3,6,2.8,73,153.5,2,9,16.6
7.9,7.6,7,1,9,6.5,48,104.4,11,13,34
4.6,6.3,3,3,10,0.2,30,189.9,9,14,8.5
7.6,7.2,4,2,3,2.6,75,164.8,15,20,3.5
8.5,7.8,8,5,4,0.8,25,110.5,8,14,11.3
4.2,4.6,2,10,6,2,28,201,17,5,0
2.3,7,6,5,6,1.4,41,54.9,12,13,13.7
7.7,6.4,10,10,7,4.3,65,257.6,13,5,22
6.3,8.3,9,9,1,0.1,70,244.3,18,0,4.6
2.7,6.9,10,8,9,4.6,44,236.3,13,9,4.9
11.1,3.5,9,3,2,4.1,77,125.2,1,18,9.4
7.2,7,5,1,4,7.1,50,162,10,10,6
7.3,4,3,5,3,6.6,40,118.9,7,2,0
8.7,8,6,3,3,1.4,57,171.5,2,5,6.9
4.8,5.6,9,5,5,5.5,71,150.9,14,8,5.3
6.3,5.1,6,9,7,2.4,38,127,12,8,20.9
3.4,5.6,4,1,7,3.6,29,126.5,7,3,19.2
4.8,5.4,5,1,7,6.4,65,154.1,12,2,21.2
6.8,6.3,7,9,3,1.5,56,296.8,15,19,16.4
2.7,5.5,10,3,9,3.1,31,215.3,0,18,11.6
4.7,6.1,3,10,6,0,38,154.3,1,10,3
4.1,4.6,9,5,10,4.8,80,140.9,12,18,20.6
6.3,6.2,1,9,8,7.2,21,181.1,13,16,12.8
7.1,8.2,8,5,1,4.1,34,119.4,1,7,0
7.5,6,5,3,4,5.7,57,138.6,15,5,2.7
8,7.2,10,9,7,5.3,27,52.4,13,4,0
8.7,5,9,7,9,1.6,65,154.5,6,7,0
7.2,7.2,2,7,3,3.6,54,155.8,13,7,13.1
9.8,7.9,1,8,6,4,57,122.8,17,2,0.1
6.2,8.2,10,5,8,0.7,62,172.6,16,18,4
5.7,6.7,7,2,3,5.9,49,156.2,4,15,10.3
7.2,7.3,10,9,6,2,28,123.4,10,9,8.5
5.6,5,9,3,9,2.6,49,191.2,17,2,4.3
9.7,6,5,2,9,2.5,68,141,15,8,22.2
8.3,5.5,4,10,6,3.1,38,97.6,9,7,0
7.5,6.9,4,10,5,8.9,48,61.9,5,7,0
6.3,5.9,8,5,1,1.8,21,221.8,13,7,13.7
5.2,7.3,1,8,3,0,47,156.3,1,19,5
7.4,9.5,1,3,3,3.3,27,154.2,8,6,4.7
3.7,7.2,8,6,4,1.3,44,147.8,12,13,1.4
9.1,8.2,2,9,5,2.2,29,210.9,20,16,12.7
5.6,5.1,10,2,8,4.2,41,157.1,19,11,11.8
6.6,6.4,6,8,9,0.8,54,227.4,11,4,11
4.2,6.8,2,10,7,2.3,61,157.3,1,1,5.3
7.4,6.6,5,7,10,3.6,43,16.3,2,14,4
5.1,8.7,3,3,6,1.4,45,213.3,12,10,8.7
7.3,5.6,7,1,3,2.9,50,165.8,20,14,17.7
7.5,6.9,9,6,9,3.6,42,124.7,0,12,22.5
4.7,3.6,2,2,10,2.8,21,137.2,19,18,18.9
3.8,7,7,3,1,3.3,78,134.6,3,11,14
9.1,7.1,8,5,9,3.7,58,87.9,17,14,17.9
5.6,6.4,10,8,3,1.7,52,193.9,12,11,0.5
6.4,7,8,2,9,0.1,43,127.7,5,17,4.3
7,5.8,7,6,10,0.9,31,106.6,5,3,14.2
3.5,5,4,1,1,0.6,56,364.9,14,10,9.1
6.9,5.3,4,7,8,5.5,28,92.3,17,14,12.7
6.2,5.5,10,4,6,0,63,145.6,16,4,17.8
4.7,4.9,9,1,9,4.3,62,35,13,4,16.6
3.7,4.9,10,9,4,1.6,63,212.7,3,19,1.3
7.2,5.5,9,9,5,5.1,22,135.9,0,9,10.1
8.3,6.1,5,3,6,2.2,63,190.8,7,9,2.6
6.4,6.7,7,6,9,3.1,42,102.8,10,5,3.8
3.1,5,7,7,6,4,43,69.2,12,5,0
3.9,5.4,9,4,9,5.5,52,112.7,16,5,11.1
5.1,5.8,7,6,2,1.9,49,217.3,20,6,0
9.1,7,8,9,4,1.8,57,178.9,13,17,13.2
5.5,5.1,7,10,3,4,62,69.2,16,3,20.9
5.1,5.9,4,6,4,0,21,29,19,13,14.2
2.7,7.7,2,7,1,0,59,133.9,0,10,10.4
4.7,5.5,3,6,2,3.7,41,204.6,7,6,22.3
3.5,5,7,7,4,4.3,30,112.1,18,17,12.6
4,6.4,9,1,10,3.7,78,203.8,10,19,3.1
6.2,5.5,2,6,4,2.8,31,156.3,9,1,11
5.2,3.2,7,9,5,1.9,38,237.6,0,1,25.7
9.4,6.7,4,3,9,6.2,39,116.1,4,6,1.3
8.2,7.5,7,6,1,6.4,74,147,15,10,0
4.8,6.5,5,4,8,3.2,28,117.2,19,17,14.9
4.2,7.8,7,7,3,1.6,62,199.3,19,19,8.2
8.8,7.3,6,7,9,1,77,179.5,4,6,5.7
9.3,5.5,2,9,8,3.9,37,65.1,15,19,0
1.6,9,7,4,8,0.5,60,184.6,2,4,0
6.2,6.9,5,8,9,0.6,66,75.5,1,1,0
5.5,7,9,8,4,2,73,104.4,16,13,22.9
7.3,5.3,1,8,5,4,37,187.3,0,6,9.9
9.9,4.6,1,8,7,5.9,59,87.3,15,9,0
5,5.2,2,6,2,3.5,55,131.4,1,17,19.5
1.9,7.6,8,8,7,4,46,188,19,7,19.9
7.2,8.6,9,6,3,5,32,170.8,6,15,19.8
8.8,6.8,7,10,6,4.8,66,167.8,10,13,6.6
5.4,6.6,1,2,6,1.9,27,189.6,5,8,7.8
4.6,7.7,7,3,6,4.7,67,215.4,1,5,11.1
5.1,8.2,8,6,10,5.1,62,88,13,6,21.2
7.7,4.8,7,7,2,3.6,42,166.7,3,8,5.6
5.1,8.5,5,4,9,3.3,74,198.2,18,6,4
6.7,6,7,1,8,4.2,78,188.4,1,8,15.6
6.1,7.8,10,4,7,4,32,142,1,20,19.7
5.8,5.2,2,6,9,0,26,139.1,12,6,9.6
7.4,7.7,9,8,4,3.9,69,191.2,12,11,15.4
5,4.8,2,4,2,5.4,59,160.7,2,16,10.9
5.1,7.8,2,10,4,5,21,204.7,20,19,8
7.6,7.3,5,1,10,3.8,22,155.5,5,20,3.4
4,4.6,8,5,3,3.3,61,131.3,20,11,0.8
4.2,8,6,7,2,2.2,58,61.8,16,4,5.1
3.5,5.3,9,6,2,2.8,42,138.5,0,17,2.2
7.7,7.9,6,3,8,4.5,79,88.5,6,4,12.3
5.8,6.7,5,7,5,3.8,26,58.5,6,4,19.7
3.4,5,1,4,6,4.8,23,106.7,12,6,11.6
7.7,5.3,8,5,8,2,72,185.2,8,2,2.6
4.9,10,3,7,7,5.2,74,137.9,17,0,16.8
4.3,9.3,2,2,7,1.8,27,158.9,0,5,12.4
5.6,6.2,7,4,7,3.4,51,183.7,10,6,14
9,7,2,4,7,1.9,38,148.2,10,7,5.8
5.2,7.9,1,6,8,2.8,73,115.6,9,13,19.1
7.2,4.9,2,7,1,7.1,31,127.7,16,14,19
7.5,7.3,6,4,3,4,76,188.6,16,6,8.5
6.9,7.7,2,10,1,3.5,29,148.7,11,6,15.7
8.5,6.9,1,1,8,5.8,33,22.8,9,0,18.8
4.6,8.2,1,1,2,0,46,132.3,11,8,6.3
3.9,6.7,4,5,7,2.7,63,176.6,5,6,9.4
3.9,7.8,8,1,6,2,40,159.1,20,19,10.6
5.7,6.8,6,3,1,1.3,39,99,5,6,1.2
4.1,4.7,4,9,6,0,76,112.7,5,17,13.5
6.3,7.6,6,3,9,2.6,23,52.6,19,13,18.2
6.2,8.1,6,3,3,4.4,38,177.5,7,14,8.8
8,6.3,9,9,7,2.7,48,181.1,4,17,12.7
6.6,4.9,4,5,4,4.6,26,143.3,5,9,21.2
5.2,7.5,6,8,1,3.1,72,132.5,1,2,6.8
6.8,6.9,10,10,7,5.3,52,95.9,16,10,12.9
3.9,6.9,1,9,1,2,27,166.6,7,0,5.4
5.9,6.7,7,6,4,0,30,67.9,8,1,5.2
6.6,7.7,7,7,9,0,52,188.8,20,15,12.7
6.3,6.8,1,7,5,2,44,179,7,2,11.9
6.8,5.9,8,7,7,1.2,52,208.4,10,16,14.4
4.7,4.6,5,4,7,1.8,55,152.5,9,2,10.6
8.3,5.9,9,2,3,5.3,45,124,16,10,13.7
9.6,7.6,8,2,8,0,55,171.6,19,3,23.3
2.8,6.1,3,7,1,6,30,189,12,6,18.5
3.6,7.6,1,10,4,1.4,49,92.1,8,15,12.7
6.1,4.8,3,7,10,0.5,76,146.5,14,16,14
5.5,5.3,2,10,4,2.7,52,163.3,12,10,7.6
9.8,5.2,2,7,2,6,29,174.1,12,3,8.7
6.4,6.7,4,8,6,1.6,48,132.4,12,2,13.9
8.8,8.7,2,3,1,1.8,44,181.6,20,15,10.7
1.9,9.2,8,5,3,1.9,51,102,3,1,16.3
7.6,7.8,5,6,9,5.3,23,250.9,9,4,20.1
4.6,4.2,1,8,10,2.1,74,118.8,14,17,9.2
4.5,5.6,6,8,6,3.9,76,170.4,20,2,0
5.5,3,7,10,2,3.2,78,122.4,9,1,26.3
3.2,6.7,1,3,9,2.8,58,154.9,20,1,4.8
6.9,8.4,3,4,2,2,53,96,7,20,11.6
6.4,7.5,9,6,7,6.9,41,203.8,9,1,15.8
6.5,4.4,7,4,1,8.6,32,109.1,20,15,21.3
7.8,8.2,4,10,5,1.2,73,154.1,16,0,24.4
9,7.9,6,4,7,0.9,70,146.8,4,18,7.1
5.3,8.4,6,5,3,3.1,55,114.9,12,18,19.5
7,7.8,3,10,4,0,25,22.7,20,8,11.6
6.6,5.9,2,7,5,3.1,78,203,20,19,31.9
6.8,4.3,5,2,3,7,73,157.2,18,8,18.8
6.8,7.9,8,2,6,1.8,36,63,11,10,8.6
9.2,7.4,3,10,3,5.2,45,54.3,11,0,3.7
5.1,4.1,5,9,8,5.9,43,133.9,20,18,0
2.9,5.3,3,4,7,1.3,28,145.9,1,16,15.4
4.6,5.4,7,5,1,3.4,21,139.3,20,5,18.1
7.5,7.4,6,3,2,3.7,39,222.2,8,0,16
6,6.5,6,2,4,4.5,46,66.5,1,17,0
5.1,6.2,1,10,5,4.6,25,160.6,0,8,0
3.8,6,2,8,10,5.2,69,182.3,13,0,13.8
6.4,5.1,6,4,4,1.4,46,181.2,12,3,24.3
7.3,7.7,8,1,4,3.3,74,194.7,2,17,9.6
6.6,5.6,5,6,9,6,73,155.8,19,16,18.7
5.5,7.9,2,6,4,6.2,43,162.3,4,19,1.7
6.3,4.8,5,2,4,3.5,34,133.5,1,18,11.7
6.3,5.9,9,2,4,1.9,74,74.5,20,13,7.8
6.4,8.9,6,8,2,5.1,67,166.4,17,6,19.5
3.6,6.8,5,7,8,4.1,77,129.9,8,8,5.7
6.4,5.9,10,2,4,4,52,112.8,11,19,23.4
5.1,5.7,6,10,5,4.6,61,168.6,4,8,7.5
8.1,5.5,9,1,8,1.1,29,173.1,17,14,1.4
6.3,7,7,8,4,4.7,40,114.7,1,10,1.7
7.7,7.6,10,10,5,3.3,25,162.5,9,6,5
5.4,6.8,3,2,5,5.3,49,145.9,9,5,13
5.5,6.4,10,5,6,3,42,159.5,2,8,5.1
9,7.2,10,6,7,4.2,55,212.7,13,3,3.4
6.9,4.8,5,10,3,3.9,65,172.1,4,16,17.1
4.6,7,4,1,10,1.9,76,168.3,12,5,0
7.8,7,5,2,3,1.2,68,105.7,16,16,6.6
4.9,6.8,8,10,9,4.6,22,112.8,5,13,0
6.5,5.8,6,4,1,1.3,45,174.1,12,4,3.1
9.7,5.6,4,2,10,2.3,53,70.6,11,17,11.9
3.1,4.9,5,6,8,2.3,49,132.2,2,7,8.4
5.6,8.3,7,4,10,3.7,37,111.8,15,9,7.6
6.8,6.4,8,3,3,4.4,36,142.9,4,10,19.5
7.5,6,5,6,5,0,64,139.2,1,2,9.9
3.5,5.9,2,9,3,1.5,70,156.5,10,1,24.4
2.9,5.4,6,8,10,1.5,61,173.3,3,13,15.7
8.2,5.9,9,2,1,2.5,40,198.3,0,3,2.3
4.6,8,3,3,10,0,73,202.1,12,16,25.5
4.5,7.2,7,2,5,5.3,43,138.1,17,16,12.2
9.1,7.5,8,10,8,3.1,23,120.5,15,20,25
6.1,7.7,6,7,5,2.7,68,110.6,1,8,7.9
6.2,9.1,3,9,4,4.5,79,133.9,8,20,12.2
5.6,6.5,1,1,9,4,67,100.6,11,8,13.5
3.6,6,3,3,1,4,44,173.5,4,2,8.7
7.4,7,6,6,5,3,70,201.2,4,3,20.2
6.8,7.3,4,4,1,3.2,43,73.8,12,1,25.5
6.3,6.5,1,10,6,4.7,65,150.5,15,13,0
5.8,5.4,6,10,10,4.1,71,227.8,18,19,16.5
5.4,6.7,1,1,9,6.5,46,75.9,8,7,2.8
7.8,7.2,8,9,2,3.3,50,223.9,15,17,0
5.7,6.9,3,7,4,4.3,66,107,18,3,14.1
5.9,4.3,3,7,8,2.8,70,119.6,3,7,14.2
7.1,4.6,1,1,3,3.6,54,180.9,14,6,15.4
6.4,7.4,3,9,7,3.8,71,175.4,8,14,13
9.3,6.1,7,8,7,2.1,39,144.7,15,14,17
2.5,9.2,10,10,2,1.7,35,111.8,5,1,5.2
6.6,8.1,8,5,10,4.3,79,87.8,7,3,12.1
4.6,5,8,4,4,3.9,50,146.2,0,8,15.6
4.1,7.7,3,1,1,5.9,26,139.4,13,6,20.8
5.1,8.4,5,9,8,3,37,110.4,3,17,10.4
6.1,6,1,8,10,1,27,137.2,9,11,8.3
6.2,6.4,9,2,10,3,46,162.5,15,13,9.6
3,5.8,8,4,9,4.5,33,203.5,3,6,0.5
4.9,5.2,10,4,1,0,37,159.8,1,5,16.2
6.6,8.4,2,7,7,3,20,141.2,1,18,0
4.2,3.4,10,3,1,4.3,75,108.8,12,20,13.1
3.8,5.7,1,8,1,3.5,50,112.8,10,18,10.7
1.5,6,4,7,9,2.3,39,160.8,9,14,0
4.7,6.7,9,10,10,0.6,25,163.5,5,18,0
3.7,5,8,4,10,3,64,138.9,6,11,3.2
4,8.1,3,9,6,0.6,20,195.3,14,1,7.2
5.5,4.3,10,6,1,4.3,38,152.9,19,10,21.8
4.8,4.3,6,3,7,3.1,58,125.7,18,12,9.1
3.7,6.6,9,7,3,6,74,117.2,2,3,14.4
1.8,5,10,6,10,0,46,113.9,20,0,20.1
6.6,6.7,8,8,4,2.3,75,174,13,20,18.6
7.5,5.6,10,5,4,4.5,35,118.9,1,1,9.9
5.2,7.5,5,6,8,5.3,33,155.4,15,13,4.4
5.5,5.4,9,1,1,4.5,53,107.6,16,17,14
6,8.2,9,8,8,1.1,26,141.6,14,10,4.5
9.2,7.3,3,1,9,2,39,147.3,12,10,24.5
2.9,5.6,8,3,7,0,50,268.2,11,18,16.9
5.2,7.2,4,2,1,3.1,41,84.6,6,16,11.7
2.6,6.7,10,6,7,5.3,39,190.4,19,16,14.1
6.7,7.4,7,8,6,3,34,111.6,19,1,11.4
5.7,7.2,10,8,5,4.2,44,217.5,2,1,7.1
6.4,6.9,8,7,5,4.1,65,115.1,8,12,14
6.3,6.6,7,7,1,2.4,20,201.8,2,5,8.1
8,7.6,5,8,6,0,36,161.1,15,14,25.5
7.1,7.9,1,5,4,5.7,35,83.4,19,10,4.5
7.7,6.7,8,3,1,3.9,56,159.9,2,3,14.1
3.9,7.2,5,2,8,0.5,40,175.8,7,18,3.7
8.4,7.6,3,3,8,3.7,46,179.4,7,13,3.7
4.6,8.4,2,3,4,3.4,75,138.2,14,17,0
4.7,8.2,3,7,7,5.6,74,279.7,4,16,13.3
6.5,7.7,9,1,3,3.9,78,247.3,12,7,5.7
6.6,6,2,7,8,4,54,166.9,14,12,18.7
3.9,4.9,10,6,7,3.4,43,84.2,6,14,13.3
5.7,7.2,1,10,5,1.5,71,100,11,10,11.2
9,7.2,2,2,5,4.3,70,136.6,2,15,0
3.1,6,2,10,9,2.9,21,145.2,7,17,14.7
9,4.9,5,1,6,1.1,76,108.7,9,11,4.7
5.5,8.5,1,9,6,1.7,65,122.8,1,11,0
1.3,7,10,2,2,0.7,79,50.6,7,5,13.4
3.3,5.1,8,4,5,5.1,74,41.9,17,5,0
4.1,6.3,2,9,4,7,72,150.7,11,3,0
4.8,4.9,6,9,10,5.3,44,229.6,17,0,20.4
5.8,7.3,5,1,3,3.8,38,72.4,18,16,5.5
0.6,8.7,2,2,9,2.9,64,139.3,4,3,0
6.4,6.3,10,2,7,2.4,32,149.1,15,16,2.3
3.9,6.4,1,2,4,1,48,168.6,16,4,4.2
8.8,6.2,6,8,9,6.9,51,124.5,8,8,19.2
5.5,6.2,6,8,9,0.9,25,95,9,5,0
7.9,5.6,3,10,7,1.3,75,182.3,18,11,0
8.2,8.2,8,8,5,2.6,28,52.3,11,16,17.8
8.2,6.7,9,4,9,2.8,71,169.1,0,20,6.4
4.9,6.6,3,8,7,4.2,20,109.8,16,9,11.8
4.8,6.2,9,7,9,1.7,43,162.2,2,1,6.1
5.6,5,8,8,3,0,29,208,6,0,26.2
7.3,7.6,5,1,9,2.5,54,115.7,19,12,0
5,8.2,6,3,1,2.7,25,131.6,8,20,12.3
5.8,4.3,1,10,5,2.5,67,129,4,20,22
6.5,7.4,5,6,2,2.5,39,263.9,8,0,7
4.2,7.5,10,1,1,2.3,57,143.6,18,12,4
4.1,8,10,4,3,0.4,31,141.3,10,2,16.1
5.7,7.9,7,9,7,5.9,22,145.7,13,10,18
5.9,9.7,1,7,3,5.8,74,217.6,13,15,3.6
6.9,7,10,1,10,5.8,37,118.1,7,17,21.7
7.3,7.7,9,6,10,0.6,40,189.7,19,1,10.4
3.8,6.5,7,6,9,3.8,54,112,0,17,14.1
4.4,5.5,4,2,3,2.2,56,108.6,3,16,21.9
4.1,7.3,4,6,6,2,38,168.5,15,0,16.2
8.8,7.7,10,10,2,1.1,44,210.7,0,3,10
5.8,6.9,7,2,8,8.1,75,130.8,18,19,4.6
6,4.5,6,8,10,2.5,37,130.5,2,20,31.7
6.1,4.8,3,7,5,1.2,59,181.8,1,5,3.7
4.6,7.4,9,6,2,3.3,49,149.5,16,20,12.5
9.1,6.1,6,10,7,4.5,75,184,10,4,14.1
6.8,6.9,2,6,3,2.7,61,68.7,2,19,14.5
6.1,7.1,10,9,5,3.5,70,98,6,8,27
3.8,6.4,2,9,9,5,61,146.9,9,20,10.4
3.7,6.2,1,10,1,1.1,72,172.6,2,3,9.2
5.4,6.3,5,10,2,3.4,53,143.5,7,4,22.4
4.6,7.2,10,2,5,1.7,29,154,4,7,8.9
3.9,7.1,6,3,4,1.5,41,180.3,9,16,17
5.3,5.5,3,10,1,6.5,69,87.7,11,14,11.6
5.6,6.5,4,7,7,2.8,23,180.3,17,19,17.4
6.3,5.2,5,10,9,0.9,22,202.5,5,12,15.8
5,7.1,4,9,1,2.8,68,132.9,7,14,6.8
4,5.9,9,6,8,0.6,75,106.9,17,3,0
4.1,7.4,3,1,9,2.6,75,194.4,5,17,0
8.4,6.2,5,7,2,1.6,68,236,8,18,0
3.5,7.9,7,1,1,4,47,157.4,15,7,9.3
6.7,8.1,7,5,6,6.9,41,105.9,10,13,0
7,7,6,9,7,2.7,31,149.7,1,0,8.7
5.8,6.1,9,10,2,1.7,68,108.3,16,1,11.1
9.5,5.4,7,10,5,3.2,32,185.8,12,19,16.8
7,7.7,4,9,5,6,60,147.5,6,2,14
9.7,6.4,10,1,7,4,52,103.6,9,15,17.2
4.7,6.6,9,6,1,2.7,66,160,12,2,13.3
4.7,6,6,3,10,0,38,117.2,9,5,7.4
7.1,4.8,1,9,8,2.9,60,84.2,3,7,9.2
5.5,7.8,9,3,5,4.6,36,188,10,11,3.2
9.4,6.4,7,2,3,4.9,66,164.9,8,4,11.8
6.7,4.3,6,8,9,5.6,53,126.5,15,4,0
3.9,6.3,6,3,3,1.7,23,213.6,16,2,18.5
2.5,4.9,4,5,7,2.2,58,112.7,4,3,2.3
5.8,7.2,4,6,10,2.8,27,128.3,4,4,11.2
5.8,7,3,10,7,4.4,52,168.8,5,2,12.6
6.6,8.3,8,10,10,2.5,20,193.8,1,9,19.3
8.4,4.7,8,1,8,4,24,169.5,13,18,0
8.2,8.2,2,7,10,2.2,51,121.8,10,7,7.4
4.8,7.1,5,7,8,1.6,59,138.1,18,5,14.4
3.4,4.9,9,5,4,5.2,20,117.7,10,6,24
3.5,8.7,9,9,1,3.6,54,133.4,19,5,9.7
4.5,6.4,7,2,4,4.5,41,137.2,5,12,5.2
5.3,5.1,4,5,6,2.6,48,170.8,12,12,26.2
6.6,7.7,4,2,10,4.6,36,115.5,18,20,16.4
4.4,5.2,10,2,6,0.9,49,197.7,2,4,21
6.6,7.9,7,9,6,1.2,54,148.8,15,5,0.3
6.7,6.3,3,7,7,4.9,79,107.3,8,9,14.2
6.3,6.1,3,4,1,2.9,20,169.4,2,19,1.3
3.7,4.9,5,8,10,2.5,23,144,18,9,0
6.9,5.2,6,4,1,1.2,28,127,14,15,14.7
10.2,6.7,8,1,7,4.6,64,220.8,12,17,15.2
6.5,4.5,1,10,4,6.7,51,134.4,16,2,6.1
0.1,7.3,7,3,6,4.2,24,127.3,20,0,21.5
8.5,5.9,8,10,6,2.1,33,198,7,20,7
4.6,6,5,1,9,5.8,70,175.2,13,2,7.8
10.5,7.2,10,2,2,3.7,45,187.7,8,18,9.7
6.2,6.3,2,2,4,2.1,42,121.8,2,0,8.1
2.6,8,4,7,4,5.6,65,161,8,7,20.2
1.9,4,6,4,7,2.6,41,80.7,11,18,1.7
9.1,7.5,9,10,1,0.1,46,54,14,3,4
8.2,6.5,2,9,5,2.4,44,120.5,16,15,0.5
10.5,5.7,4,2,4,4.1,55,152.4,8,4,25.1
6,7.6,10,9,2,1.6,23,270,7,4,7.4
5.9,7.2,5,6,5,0,51,212.5,5,1,3.9
5.2,6.8,8,10,9,5.9,28,95.3,8,5,7.7
4.7,6.2,8,8,8,9,21,193.8,14,6,16.8
5.2,5.7,2,7,9,2,61,82.7,17,14,15.3
6.4,5.2,6,8,7,1.7,69,226.7,10,9,5.4
4.3,8.1,6,9,10,0.3,76,124.7,13,9,6.8
2.7,7.5,5,8,7,1.4,58,121.3,12,18,0
6.3,7.2,8,6,2,0,72,201,12,15,11.1
4.3,6,10,8,3,0.4,65,122,12,8,20.3
0,8.9,2,8,10,3,72,237.4,15,7,5.3
7.1,5.7,2,2,8,0,44,121.5,11,18,15.1
3.8,6,7,2,2,0.1,80,194.4,20,0,5.3
7.3,8.7,9,1,7,3.4,66,155.8,17,16,1.2
7.3,6.4,3,10,6,1.8,29,183.9,11,17,15.4
6.6,8.6,7,2,10,3.7,56,99.6,4,14,28.8
11,7,3,7,4,2.3,44,58.3,16,5,14.3
5.7,5.9,6,3,4,2.6,59,103.1,20,16,6.7
5.4,6.3,3,4,3,4.6,73,129.8,0,17,7.2
7.4,5.6,1,4,6,1.9,72,140,12,20,25.3
5.9,7.3,6,4,3,4.4,48,125.8,9,18,12.5
8.3,8,3,2,9,2.2,56,43.2,2,1,3.9
3.5,7.1,1,6,4,1.4,24,118.1,5,6,9.5
3.5,6.8,5,1,4,0.9,33,152,15,16,11.7
7.5,5.3,8,5,2,0,52,137.8,0,14,13.8
3.7,7.8,8,2,2,0.5,46,131.3,18,15,22.1
7.2,7.5,8,9,7,0,24,127,7,16,20.2
6.7,6.8,3,2,5,1,70,152.8,8,2,11.6
4.6,6.1,8,6,3,4.6,73,97.6,19,9,9.7
6.7,6.6,4,4,6,3,76,137.7,6,5,13.2
3.5,5.4,8,6,6,2.2,63,129.6,10,1,5.1
4,4.7,3,2,1,1.6,34,87.6,7,10,17.8
5.5,6.1,3,2,3,2.8,22,140.9,10,7,8.4
6.2,5.5,1,7,5,3.1,20,50.7,13,13,13.9
5.4,5.9,8,3,7,0.8,43,116.1,13,11,23.7
6.9,5.9,8,3,4,3.9,31,166.8,3,19,14.4
6.8,6.4,9,7,8,2.3,64,170.6,19,6,11.8
9.1,6.3,6,8,3,3.6,33,150.7,8,17,5.9
5.8,3,2,7,6,2.9,76,161.2,7,4,9.4
8.4,6.9,1,3,6,0.2,61,181,14,5,0.9
7.8,6.7,8,3,9,5.6,39,155.2,19,12,14.3
10.6,7.7,10,7,4,3,77,208.8,5,1,0
5.7,6.2,4,3,7,2.3,33,43.9,15,18,17.7
5.2,7.8,7,2,10,4.2,33,191.2,15,7,15.9
8.5,6.3,10,7,1,0.7,64,41.3,13,10,10.8
6.8,6.9,4,3,1,0,72,118.7,14,20,5.7
8.6,5.4,1,5,2,4.1,54,186.5,20,15,9.9
7.4,7.9,8,7,4,5.3,80,181,11,0,0
1.8,8.1,10,2,6,3.6,75,101.5,17,15,16.6
6.8,8.8,9,8,4,4.6,38,147.6,10,11,8.7
6.6,5.8,10,2,6,0.5,39,120.2,6,16,22.1
6.3,7.1,9,4,2,2.3,61,192.4,5,8,13.1
5.7,4.8,9,4,9,1.7,63,146.1,2,5,11.9
2.8,4.2,4,8,3,5.1,42,117.6,8,6,13.2
7.7,7.2,9,1,7,4,53,169.1,14,12,2.2
6.7,6.4,4,9,1,5.1,20,179,1,16,6.4
8.2,5,2,6,8,1.8,23,140.2,3,9,11.1
2.9,6.7,10,4,4,0.7,59,182.7,1,10,7.6
7,7.6,3,6,5,5.7,36,228.1,5,13,5.4
5.5,6.6,2,6,7,3.1,45,46,11,16,7.7
6.3,8,1,9,3,5.1,33,210.3,6,15,10.4
5.6,5.7,6,4,9,2.9,65,221.6,8,4,28.5
7.1,7.8,4,8,9,7.4,70,172.5,5,17,7.4
5.7,6,7,1,8,5.4,51,134.4,4,10,4.6
3.9,8,7,6,1,2.7,55,72.1,3,9,8.8
6.2,5,10,5,2,3,39,152.1,9,20,22
5.6,6.8,1,3,2,3,35,129.9,19,20,22.6
5.8,6.8,9,4,3,0.7,70,80.4,3,5,25.6
0,7.1,8,8,2,2,38,117.2,4,9,10.5
7.4,6.1,10,10,1,1.9,64,148,16,10,15.1
5.4,7,1,2,5,3.5,58,163.5,17,0,1.6
3.3,6.3,8,8,6,1.4,43,98.8,2,4,7.2
7.8,5.9,5,7,7,2.7,33,31,12,1,1.1
7.3,8.2,1,1,10,2.3,48,137.2,0,10,13.8
5.3,6.6,4,2,7,3.2,61,104.1,18,13,10.3
3.7,4.7,7,7,2,5.9,33,128.2,1,12,11.8
6.4,5.7,5,3,7,5.2,71,47.7,3,10,3.2
6.2,8.2,3,2,2,0.4,30,134,15,5,16.8
7.8,5.4,4,1,2,2.9,30,168.6,15,1,0
5.1,7.1,2,7,6,2.4,66,127.8,16,18,8
8.4,5.7,8,3,6,1.7,59,155.2,20,8,9.1
4.9,4.8,2,6,8,7.3,43,135.3,11,17,0
3.3,7.1,6,10,5,1.9,41,51.4,1,13,13.1
3.7,6.1,7,8,5,2.1,68,154.1,9,12,8.6
5.9,8.4,7,6,10,6.5,74,110.8,5,11,14.5
5.9,7.9,1,7,1,4.9,74,83.8,11,11,26
6.7,8,8,6,4,2.1,40,183.9,11,12,12.6
5.8,7.8,9,7,1,4.5,25,163.5,16,6,17.8
8,7.3,7,5,10,2.5,33,119.4,17,15,21
5.5,4.9,8,9,5,2.7,28,142.2,3,16,13.9
2,6.2,4,3,8,1.4,54,158,2,8,3.1
5.8,7.3,8,6,1,0,63,65.1,16,13,0
2,6.2,3,9,3,0.2,55,93,8,8,13
6.5,6.5,1,1,1,0.8,44,95.4,11,5,6.8
8.1,7.4,8,5,6,3.8,34,174.9,6,0,20.3
4,7.8,6,4,10,3.3,64,228.3,15,19,6.2
8.8,5.4,9,9,1,5.2,77,179.6,7,0,9.9
7.7,7.3,3,1,10,0.6,47,155.9,2,18,0.7
8.4,7.2,8,4,3,6.6,69,98.6,20,14,7.2
6.4,5.3,9,1,5,6.4,33,187,12,16,2.5
4,6,9,3,5,3.1,32,131.9,19,19,3.2
7.6,6.7,7,4,2,1.6,60,99.4,8,7,9.6
4.8,8.2,10,1,3,1.7,50,186.1,8,2,5.1
6.2,6,3,5,9,3.4,24,216.5,3,11,31
5.7,7,3,6,1,6.8,38,186.9,13,14,16.7
8.2,7.9,2,1,1,2.8,27,268.9,17,17,18.7
7.5,8.7,1,10,2,0,32,112.1,0,12,9.1
5.8,6.8,2,10,8,6.8,60,126.6,18,4,10.8
2.1,4,5,4,6,2.2,36,106,1,16,6.6
4.7,7.6,1,4,4,5.9,51,105.7,4,20,31
7.4,6.8,10,1,7,4.3,24,219.9,13,2,9.1
6.6,5.5,4,2,6,2.7,28,94.6,8,18,5.2
3,7.4,10,10,9,4.9,62,122.6,19,5,4
2.4,8.7,10,5,6,1.5,53,213,19,16,12.7
6.4,6.8,1,2,2,2.4,64,169.3,14,4,21.4
3.9,4.6,10,3,3,1.9,20,99.2,19,20,18.7
4.1,8.2,8,9,9,2.6,59,146,0,4,3.9
7.3,6.5,5,5,7,4.1,34,65.1,18,18,3.8
8.4,7.4,10,1,6,4.1,73,139.9,3,10,20
4.5,6.6,4,5,5,0,51,153.8,13,0,26.8
5.9,7,3,3,3,1.9,53,157,0,12,8.8
5.9,7.3,9,1,4,2.3,54,243.9,4,16,19.7
5.7,7.5,6,3,1,4.2,72,187.2,9,10,0
6.1,6.7,1,6,5,0.2,68,91.5,8,17,3.3
7.5,5.6,8,10,7,4.4,69,155.4,16,3,1.9
4.7,6.7,10,5,2,0.7,78,146.7,13,9,13.3
2.9,7.4,2,1,8,3.5,47,243.3,6,10,8.6
9.4,5.6,9,2,10,5.2,36,127.9,17,17,11.9
8.2,5.2,7,5,6,0.5,65,156.5,9,0,19.8
3.8,8.1,3,9,10,3.5,30,163.4,3,3,4.8
6.3,8.5,4,5,3,2.6,42,96.5,13,4,10.8
8,6.5,3,5,2,1,74,73.8,2,1,0
7.5,7.2,6,1,8,0.6,45,138.7,10,11,19.3
6.9,7,9,5,4,1.6,65,183.3,9,10,18.8
5.7,3.9,10,8,7,1.4,24,84.4,7,20,12.9
9.5,6.7,9,9,7,2.6,45,145,8,15,11
6.4,8.3,1,10,10,2.1,25,116.5,5,3,5.9
5,5.1,10,3,9,3.8,80,53.2,13,6,0
7.7,5,6,4,10,4.6,70,161.7,8,20,12.4
6.2,5.6,1,7,8,0,62,170.5,13,20,16
6.7,5.9,4,7,8,2.5,53,183.5,7,12,26.2
6.4,7.3,7,1,7,1.1,61,189.2,5,13,6.9
7,8.1,4,6,10,0.8,32,145,5,10,12.2
4,8.1,9,9,5,0,44,170,1,7,18.9
3.1,7.3,10,5,9,0,21,159.4,4,0,19.2
8.9,4.6,5,8,7,2,33,21.3,2,7,5
6.5,4.6,9,10,3,3.8,36,75,10,18,7.8
7.5,7.4,1,9,6,3.8,60,113,6,16,5.8
2.5,4.6,4,10,3,0.9,59,152.6,8,8,2.8
8.1,7.2,7,10,6,0.7,59,163.4,12,12,21.8
5,6.8,2,3,8,3.5,58,182.6,15,14,10.5
4.4,5.9,9,1,9,2.1,44,183.7,11,12,9.4
5.9,3.4,3,2,2,4.8,46,159.3,7,7,12
4,6.7,4,5,6,0.8,67,174.6,13,11,10.4
6,7.1,4,10,3,0,70,226.7,13,10,8.2
5.7,5.8,8,7,7,4.2,43,170.5,4,19,3.9
8.1,5.2,2,6,4,0,68,148.3,9,12,22.5
9,6.9,5,4,5,0.1,52,172.9,13,15,5.4
9,4.8,2,9,10,1.7,46,190.8,16,1,2.6
1.5,7.2,6,4,6,2.4,64,227.5,3,5,9.4
4.1,7.8,9,3,8,4.2,50,95.3,14,15,27.3
1.5,4.1,9,5,2,1,67,68,10,17,3.4
3.6,5.9,1,4,4,5.6,57,160.4,8,16,15.7
4.7,6.4,4,2,4,0,34,77.7,14,14,8
6.8,6.5,4,3,6,2.3,63,137.5,19,6,12
5,5.4,1,7,4,4.7,75,240.5,1,13,17.4
5,4.9,10,2,5,4.8,59,150.2,0,6,0
6.4,5.9,2,1,5,0,77,150.7,20,5,2.8
2.6,7.3,6,2,8,8.4,20,130,19,11,17.3
4.3,7.2,10,8,4,2.4,30,225.3,16,1,10.8
5,7.2,3,8,6,3.6,34,171.2,3,20,11.7
5.6,8,9,10,7,2.3,52,126.6,4,0,15.7
6.2,5.2,3,2,8,7.3,76,224,4,17,2.9
9,6,3,6,9,5.6,67,159.3,13,4,18.4
7.8,6.3,9,7,10,7.2,51,129.3,0,20,16.6
4.5,3,3,1,8,3.9,44,45.6,1,6,11.9
5.5,6.8,6,7,4,4.8,58,156.9,9,14,13.7
5.3,6.5,6,8,4,0.9,52,127.4,4,20,19.3
5,5.1,1,9,10,2.5,48,134.3,8,5,5.2
6.5,7.5,7,8,5,4.8,77,131.5,12,1,15.3
2.3,7.5,9,3,3,3.6,53,58.5,20,20,24
7.8,7,9,8,2,3.2,27,278.2,12,16,15.1
9.4,4.4,9,3,2,1.4,75,115.3,8,12,8.2
5.5,5.3,2,6,9,5.3,30,183.4,13,12,28.5
5.4,6.9,1,4,8,5.3,32,139.1,16,13,11.8
6.3,5.9,6,7,6,5.1,24,13.1,2,7,21.2
8,6.2,6,8,9,3.6,69,142.6,17,14,6.6
5.4,5.2,4,10,5,3,38,156,11,10,18.5
7.9,6.7,8,6,10,5.2,40,122.7,8,12,5.6
7,8.3,5,10,1,4.9,22,222.5,15,20,12.6
10.7,6.9,7,4,8,1.2,45,239.6,12,19,5.1
5.3,7.7,9,8,3,3.6,52,164.4,17,0,25.2
2,7.6,1,7,9,4.3,49,171.2,11,1,8.2
3.1,6.1,9,10,1,1.7,41,92.4,1,10,1.1
6,6.3,4,8,3,4.8,24,92.2,18,13,10.8
8.1,8.3,7,10,1,4.4,38,117.3,0,4,14.3
4.7,7.4,4,7,1,2.2,28,250,5,6,9.8
5.5,7.7,4,3,6,0.3,77,122.6,17,15,3.5
7.4,6.7,4,3,4,4.2,43,215.9,2,10,18.3
4.1,6,6,9,10,6.9,58,113.9,5,14,20.1
4.8,6.2,5,7,4,3.5,31,101.9,3,3,0
3.7,8.2,2,1,5,4.3,65,125,16,9,3
8.4,6.5,9,3,3,0.7,80,123.7,17,0,8.7
9.1,8,6,1,2,2.9,67,113.7,6,6,5.8
2.8,8.2,10,6,10,2.8,64,228.1,1,11,14.2
5.7,7.6,6,2,8,1.2,46,147.3,14,10,24.7
8.8,7.5,9,7,7,3.9,69,140.1,16,10,7
6.8,8.5,1,8,10,3.8,61,151.3,5,16,22.6
5,5.5,7,6,4,2.4,72,195.7,7,0,0
2.9,6,3,5,2,3,40,151.3,7,14,13.6
8.3,5,4,10,9,7.1,57,165.3,6,20,5.2
6.7,4.7,1,4,8,1.8,73,200.9,3,19,13.8
3.1,6.4,3,9,4,0.7,54,96.5,19,17,0
8.4,6.8,7,8,5,0.7,51,108.1,4,20,0
2.8,7.1,6,5,10,3.5,78,155.4,7,3,13.8
5.6,5.7,1,1,6,0,55,114.6,13,18,5
5.5,6,9,8,4,2,52,138.4,19,4,7.4
9.2,7.5,4,8,2,1.1,62,94.9,2,13,24.7
5.5,4.7,7,7,5,2.9,36,106.9,17,12,11.1
5.5,6.5,4,7,1,2.9,24,205.5,14,18,17.2
3.3,8.1,7,8,7,3.7,63,131.7,20,18,3.9
4.7,6.2,5,1,9,4.2,39,127.1,4,15,0
4.4,6,1,3,3,5.3,42,108.6,14,20,9.4
4.5,8,4,4,6,2.3,58,105.7,5,18,0
6,4.8,3,6,9,1.7,23,98.1,9,0,4.4
1.1,5.5,6,10,4,4.7,45,85.4,19,9,11.9
3,5.6,6,10,6,0,49,114.8,14,1,9.1
5.8,7.3,1,9,3,4.5,67,144.2,19,14,12.7
6.2,4.6,2,4,9,3.3,66,182,8,18,14.8
5.5,8,2,6,7,3.9,65,145.8,3,3,0.4
5.9,6.5,10,9,7,3.7,48,99.6,7,20,2.5
5.2,7.8,4,9,4,3.3,53,122.9,12,3,0
6,8,9,6,6,3.4,29,119.9,16,11,7
6.9,5.6,2,5,8,0.8,39,116.9,3,20,15.9
6.9,6.5,8,3,6,1.7,43,131.1,1,18,21.9
4.6,6.2,1,5,6,6.6,53,194.5,4,8,11.5
7.8,6.4,8,3,4,4.3,56,183.7,1,15,21
6.3,5.8,3,5,8,5.1,32,229.8,15,14,13.1
8.5,7.8,5,10,10,2.3,42,105.3,14,8,10.9
8.9,6.3,1,10,8,3.2,29,94.2,3,18,5.1
3.1,6.1,1,1,9,4.1,41,131.5,14,17,0
4.3,7.8,6,6,6,5.4,64,208.3,4,20,19.8
7.6,7.5,3,7,2,2.7,33,44.8,2,6,9.6
2.7,6.8,8,2,4,4,44,155.7,13,15,21.1
8.8,6,4,3,4,4.4,37,133.1,6,14,2.4
5.3,8.3,6,10,8,4.9,39,181.2,14,10,29.4
7.2,5.2,10,9,5,2.6,74,171,4,5,8
5.8,7.8,9,8,4,5.6,47,181,8,2,4.5
3.2,7.3,8,4,8,0.2,27,174.5,12,13,8.3
8.1,5,4,8,3,0.7,24,290.1,6,5,11.4
11.5,6.6,10,8,2,4,40,239.2,3,16,9.4
5,4.9,8,6,4,3.9,39,191.3,6,18,5.9
5.4,6.1,7,1,1,2.5,76,125.7,0,17,0
0.7,6.8,5,2,1,2.1,63,131.2,14,19,3.6
8.7,5.3,7,4,5,2.1,35,207.5,14,15,18.6
7.8,3.7,7,4,1,1.2,77,209.4,17,2,3
2.5,6.3,10,2,4,2.9,39,107.5,14,5,0
1.9,6.8,2,9,8,0,70,50,2,16,1.6
2.1,6,7,2,8,5.3,44,58.4,4,19,9.3
7.3,6.5,3,6,2,3.8,26,208.6,4,4,3.9
7.5,6.3,8,5,3,5.6,44,218,15,20,7.8
4.2,5.3,8,4,3,3.3,55,150.9,9,15,3.6
7,8.8,9,6,1,2.9,70,166.2,12,16,18.1
6.3,6.9,4,4,3,3.3,29,239.1,14,15,13.9
5.3,6,10,9,8,1.6,59,250.7,7,20,27.7
7.9,5.5,3,10,6,0.5,35,184,19,8,6.9
3.6,6,9,7,5,1,23,148.9,6,6,7.7
8.3,6.1,9,3,10,2.1,29,128.4,13,4,19.5
4.5,6.5,2,10,9,1.2,70,135.9,5,8,13.1
9.6,7.9,6,4,7,5.7,67,111.3,7,20,2.5
4,5.5,3,1,6,1.6,50,182.6,14,9,14.5
5.3,6.7,5,6,5,3.8,31,143.4,16,20,13.2
6.1,7.5,2,2,5,4.2,39,109,4,0,0
6.1,5.7,4,4,10,5.5,51,206.5,11,6,4.8
7,5.7,3,5,9,4.4,21,177.6,12,20,11.5
3.4,4.7,2,8,10,2.7,79,162.9,2,4,21.6
5.9,8.5,6,3,6,6.4,30,142,18,5,15.6
6.3,7.1,3,6,4,0.5,39,172.9,14,5,5.5
4.9,5.8,4,1,4,1.1,42,132.6,17,14,4.3
6.8,5.8,6,9,4,3.4,32,288.5,20,7,16.4
3.3,5.3,5,1,6,3.2,54,264.1,19,0,0
5.3,6.7,4,2,1,4.6,36,109.1,6,9,3.5
4.5,6.1,4,1,9,3.3,29,137,13,2,21.3
5.4,5.4,2,8,2,3.7,59,105.1,19,15,12.4
8.9,5.6,10,4,2,5,57,56.2,18,0,3.9
8.9,7.4,4,2,5,3.3,33,235.3,10,15,0.4
8.5,6,8,7,4,4.4,38,142.5,6,13,16.7
5.1,5,5,8,3,1.5,51,95.3,10,4,10.6
7.8,6.6,10,9,5,1.6,75,63.4,7,15,8.3
6.2,5.7,10,5,7,4.8,73,161.1,9,20,13
6.1,7.3,8,3,10,3.2,52,167.9,10,10,11.3
5.8,8.3,6,1,2,3.3,76,170.6,0,17,10.7
9.5,4.2,10,8,6,1.6,62,203.5,19,6,0
8.7,5.7,5,6,4,2.2,44,194.8,9,7,1.8
7.5,6.7,4,5,2,3.6,44,85.6,6,16,16
5.7,6.4,10,7,1,2.4,33,95.6,2,13,14.5
6.1,8,9,5,8,1.3,64,198.7,18,16,13.1
7.1,6.5,10,4,5,1.3,63,119.1,3,11,5.3
5,6.7,5,5,10,1.7,73,76.7,5,17,16.1
7.9,7,10,7,2,2.3,57,81.3,0,0,7
4.2,5.7,6,6,8,2.4,80,196.8,3,6,20.4
6.8,7.1,7,10,3,6.1,55,196,6,5,4
1.4,7,1,10,7,4.8,43,156.4,10,14,5.8
4.9,6.6,9,9,2,3.6,60,102.9,5,17,8.8
10.2,4.2,8,10,7,6.7,79,146.9,4,10,16.8
8.1,5.6,5,2,4,2.8,58,142,11,16,9.7
9.1,6.7,3,7,10,4,58,128,1,0,10.3
4.7,6.4,5,1,1,3.7,32,184.2,17,1,6.9
6.2,7.4,5,8,5,3.9,21,126,8,6,12.1
8.6,7.4,9,4,4,1.5,53,177,13,9,9.4
7.3,6.9,7,8,8,2.4,79,166.7,11,13,3.7
7,7.4,2,8,1,1.4,34,77.9,8,11,11
9.3,7.1,5,4,2,3.8,77,249.7,0,16,11.2
3.9,5.9,9,4,5,3,67,178.8,6,13,28.8
5.6,6.5,2,5,10,0,78,70.4,6,18,5.1
2.5,5.2,8,7,10,4,21,78.2,9,9,3.3
3.8,8.3,3,6,2,3.4,71,229.2,1,11,12.2
8.1,5,4,1,1,6.4,44,159,3,6,2.1
4.2,4,2,6,6,4.9,24,178,7,7,1.4
7.5,9,9,3,10,5.2,53,169.4,13,12,0
9.3,6.4,6,9,4,0.7,71,204.4,12,5,3.8
5.6,7.6,9,3,5,5.2,58,206.6,15,7,4
7,7.4,8,9,3,2.6,24,106.1,6,4,0
7.5,7.8,9,5,10,1.6,62,175.2,9,8,8
3.6,7.2,5,10,6,0,27,79.8,10,10,0
4.8,7.2,6,8,4,5.6,68,95.6,10,12,13.9
4,3.7,7,9,6,2.4,33,134.8,5,0,5.5
4.9,5.3,5,9,5,2.8,48,65,11,6,6.7
7.4,3.3,1,7,2,3.6,49,111.1,9,5,14.7
4.8,5.5,9,10,4,6.7,56,41.4,8,7,13
5.9,5.9,2,1,2,2.5,23,149,5,1,5
3.9,6.4,7,8,5,3,54,232.1,8,16,13.6
8.5,5.4,8,7,3,4.9,26,151.6,2,16,22.4
4.9,6.1,8,4,6,2.4,45,151.7,6,17,1.9
9,5.9,1,6,5,1.3,51,132,2,20,16
6.1,6.9,10,10,2,0,62,198.8,19,6,1.1
3.2,7.4,7,2,10,5.7,52,147.4,7,14,19.4
5.7,6.8,9,4,8,3.5,73,95,7,12,4.3
3.9,7.3,3,8,6,4.1,43,158.5,12,19,4
7.2,6.7,8,4,9,2,69,227.6,1,13,19.2
5.5,7.9,8,10,3,4.4,73,78.6,13,14,15.8
6.3,8.7,9,4,4,1.8,78,103,4,2,4.6
5.3,3.6,8,4,8,3.3,20,144.8,12,5,11
4.9,7.9,5,10,7,3.2,48,132.5,12,8,4.3
4.1,5,5,9,8,5.3,67,171,18,13,0
7.7,6.7,3,2,9,4.3,64,100.9,2,15,11.5
5.7,6.8,6,7,8,1.7,57,123.5,13,16,7.1
5.4,7.2,10,3,8,4.2,57,152.6,3,11,2.4
5.6,6.4,3,4,6,2.3,40,154.3,9,3,20.4
4.6,6.5,2,1,2,1.4,42,280.2,5,4,2.7
5.4,6.9,7,3,7,4.1,65,189.2,5,10,11.2
6.4,6.1,10,2,4,3.4,24,73,1,10,18.6
3.9,4.2,3,10,3,0.6,49,99.2,1,7,8
4.2,6.5,4,7,4,2,59,81.9,18,17,4.1
8.8,5.6,10,6,4,4.5,37,230.7,2,5,12.4
5.3,5.5,8,1,3,3.8,25,96.5,19,6,13.6
4.9,5.4,1,8,9,3.9,24,179.4,3,5,17
3.3,4.1,9,9,3,6.7,61,174.4,3,13,25
7.7,6,6,1,2,5,37,76.7,10,19,6.3
3.9,6.5,2,5,1,2.8,78,129.1,2,5,11.6
6,7.4,3,7,1,2.2,32,136.8,16,3,0
2.6,5.8,5,2,5,1.6,74,71,8,12,15.3
7.6,8.4,6,6,5,2.1,39,239.2,13,16,11.5
8.4,7.2,9,8,9,0,57,158.5,1,11,8.6
7,5.2,2,8,4,0.6,40,229.7,13,8,5.1
2.9,5.9,5,10,5,4.3,23,260.4,2,19,7.2
7.7,8.9,7,10,6,6.1,32,158,1,2,11.9
4.3,7.4,7,8,10,3.1,37,168.7,0,10,2.3
3.7,5.9,4,6,7,1.6,32,110.6,3,4,7.5
5.2,7.6,3,6,9,0,32,216.7,9,2,10.1
5.2,5,8,3,6,6.4,58,147.6,14,16,0
5,5.8,2,2,1,0.3,56,128.8,20,8,1.6
8.5,3.7,5,5,8,0.1,80,111.6,11,5,4.7
10,7.2,10,9,2,2.4,54,153.7,5,17,22.5
3.3,5.1,5,4,9,2.9,57,181.1,20,5,3.4
4.6,6.4,1,5,7,3,59,160.2,2,5,9.6
6.3,4.6,7,6,7,1.3,46,173.1,2,9,1.7
5.2,6.7,4,6,10,3.8,77,139.2,18,10,3.8
6.8,6.4,10,4,10,2,45,175.2,19,13,0
7.8,4.7,2,4,5,2,31,173.7,3,11,15.4
7.5,5.9,8,8,8,2.4,21,210.7,18,19,0
7.2,6.7,4,5,10,1.6,62,190.3,13,17,17.3
9.3,7,1,5,1,0.5,77,157.7,3,14,13.7
2.8,8.4,8,9,3,0.6,79,170.7,7,9,9.4
9,8,7,4,9,0.8,39,92.4,18,0,17.5
5.2,5.7,3,7,1,3.9,54,213.9,18,14,34.8
7.6,5.7,3,5,8,3.8,74,137.5,0,1,13.8
3.9,4.8,7,9,6,2.5,29,143.8,14,19,1
4.2,5.3,2,8,10,2.6,27,126.1,10,1,21.9
7.3,7.5,5,8,5,5.3,59,105.7,8,3,11.5
2.1,4.6,7,10,6,4,65,109.1,2,13,26.9
8,6.3,6,10,5,6.1,55,96.1,17,18,6
8.5,6.1,10,3,9,1.8,50,138,18,13,20.3
6.4,5.6,7,9,2,0.7,34,191.7,15,12,10
6.3,4.9,2,8,10,5,61,148.9,15,0,31.3
4.3,4.2,7,3,6,3,37,183.2,2,9,7.7
7.3,4.9,2,10,4,1.4,73,174.1,17,13,34
6.7,6.4,7,1,3,4,34,127.6,12,16,13.5
4.2,7.2,8,5,5,1.6,38,211.9,19,15,16.8
5.2,8.4,10,4,2,4.4,43,200,7,14,23.6
5.7,6.9,8,8,3,4,54,191.1,6,10,3.7
5.2,7.2,5,6,7,2.5,21,170.8,18,11,17.8
3.3,8.4,7,10,1,0,32,133,19,0,7.7
7.4,6.9,8,5,2,1.2,64,132.9,11,2,11.2
5.5,7.7,4,9,3,6,76,148.5,17,10,10.7
6,6,2,6,10,6.5,28,218.9,14,20,14.6
4.8,7.4,7,3,7,8.2,76,205.9,11,10,14.2
7,6.8,1,6,4,3.8,54,77.9,5,4,5.4
6.4,6.2,2,4,8,0.8,21,163,16,14,11
8.4,8.4,10,5,8,5.7,65,25.6,3,19,0
7,5.1,7,6,1,2.5,35,127.9,11,15,17.9
5.6,5.5,10,9,5,1.6,65,116.1,16,2,23.6
4.5,7.9,1,3,1,3.7,55,177.8,20,7,11.5
7.7,7.7,7,1,7,6.8,21,95.6,4,15,0
5.4,6.5,5,2,4,2.8,35,73.6,5,15,15.9
5.7,6.9,3,8,8,3,27,125.1,14,3,3.9
5.7,7.1,2,4,8,0,77,149.6,7,14,11.5
5.2,6.9,7,7,9,3.2,20,63.1,19,18,15.5
5.7,6.8,9,2,6,4.3,37,206.9,15,14,14.4
9.9,5.5,9,10,7,2.8,73,139.9,12,12,18.6
3.9,8,10,8,7,3,60,151.3,14,9,11.2
4.4,6.3,10,10,5,3.5,45,205.1,19,1,11.4
8.8,5.3,8,9,7,0.9,63,113.4,12,5,15.9
5.3,6.7,2,7,9,0,24,224.1,14,16,9.4
5.1,6.9,1,10,4,2.8,40,150.3,1,7,4.5
8.1,7,8,1,2,2.5,54,189.6,20,15,13.6
3.2,7.7,2,2,8,4.1,59,172.2,19,20,1
7.6,6,4,9,7,7.8,47,184.3,17,12,9.4
6.1,6.4,4,10,6,5.6,73,153.8,6,11,0
6.9,5.5,2,7,7,0,45,126.6,20,15,5.6
6.9,6.8,4,3,3,8,51,246.9,8,6,5.9
4.7,5.5,7,5,6,4.3,79,149,6,9,2.1
8.1,5.8,6,1,10,2.5,67,95.1,8,5,18.8
4.9,7.7,10,10,7,6,69,223.4,11,4,18.1
6.8,6.7,6,3,7,0,63,134.5,9,17,20.5
8.5,8.2,4,4,5,1.9,63,63.8,9,15,8.5
8.8,7.9,2,4,3,3.4,40,108.8,12,2,6.5
5.5,6.8,5,7,2,3.1,23,52.1,4,2,16.4
6.9,6.9,3,5,7,6,78,111.1,7,4,11
5.3,6.2,3,9,4,5.4,61,237.9,9,1,11
11,7.8,4,7,2,4.4,60,172.9,5,0,0
7.6,6.9,5,2,8,2.4,55,149.8,10,3,16.1
6.2,7.6,2,8,2,4.9,43,121.1,3,9,15
6.6,5.7,6,2,6,1.8,52,143.1,1,12,10
6.8,4.9,6,7,4,4.5,24,205.7,5,2,16.5
6.9,7.1,8,5,9,1.5,76,58.6,12,10,14.8
5.5,7.3,2,10,5,3.6,22,297,11,2,4.4
5.2,6.6,8,6,4,0.1,30,105.9,13,9,8.2
5.7,7.2,8,4,8,5.1,64,137.5,7,8,1.9
3.7,5.5,4,5,3,2.1,51,142,2,9,21.7
7.4,7.6,7,5,9,0.3,41,140.7,4,12,17.8
4.4,7.9,7,7,8,1.1,30,116.4,6,17,3.5
3.9,7.7,1,4,8,2.4,77,193.7,17,20,15
6,6.6,1,5,10,1.2,57,207,5,17,12.2
5.7,7.9,8,4,5,4.4,78,197.8,17,16,4.5
6.5,5.1,1,4,1,2.4,41,154.5,7,16,11
4.9,7.2,3,8,10,4.9,23,120.5,6,4,16.9
5.2,7.4,6,5,9,2.4,58,140.7,1,8,17.5
7.4,7.1,8,9,2,4.4,22,145.7,3,11,28.7
7.3,5.4,5,5,1,3,73,101,8,11,10.8
7.2,6.8,5,8,6,2.5,29,158.9,15,18,8.1
6.1,6.2,4,3,1,0.9,56,240,18,6,14.5
6.3,4.2,4,7,10,3.1,38,141.5,9,19,8.5
6.5,5.1,7,1,10,4.5,37,175,7,11,5.3
4.7,7.9,6,5,10,1.6,47,117.2,15,8,2.6
8.9,6,8,2,7,3,50,194.3,7,7,0
8.7,7.8,6,8,7,1.9,36,117.1,19,18,15.9
7.6,7.9,10,6,1,6.9,43,129.3,3,20,0
5.1,7.2,7,5,10,3.6,20,175.9,19,2,3
7.1,5.8,10,3,5,3.2,24,100.5,12,10,12.3
8,7.6,10,1,3,2,51,171.6,9,11,7.4
3.6,6.8,5,10,2,4.8,72,202.6,8,16,27.2
9.4,6.6,6,10,5,3,36,158.1,11,6,0
2.5,5.4,1,10,5,2.9,76,193.4,14,2,27.9
7.4,5.9,3,10,2,2.9,40,85.4,0,6,21
8.9,5.4,8,8,6,0.8,60,172.4,11,6,17.3
5.8,7.7,3,5,7,6,62,127.2,13,13,21.5
5.7,8.3,1,9,1,4.8,41,169.3,1,1,13.2
7.3,7.6,3,7,3,3,58,229.1,2,15,0
9.7,6.7,4,1,4,2.8,58,0.8,5,20,14.1
5.4,6.1,8,1,2,1.2,53,119,18,9,0
4.4,7.1,9,7,10,0,33,35.5,20,13,5.8
5.2,6,4,7,5,1.2,35,88.4,12,6,9.4
2.9,6.5,7,9,4,5.3,24,126.2,19,1,2.7
7.8,5.5,1,2,2,2.2,37,193,20,9,17.6
5,7.3,9,7,1,5.2,23,190.4,7,1,8.3
5.6,7.3,4,2,8,2.9,63,188.9,3,12,13.3
7.8,7.6,9,10,2,1.3,70,178,18,1,9.9
5.2,7.2,3,10,4,1.5,47,82.9,6,9,11
7.5,7.1,5,2,10,3.5,64,190.1,6,13,2.9
3.9,5.2,1,5,5,0,46,116.1,0,16,0.6
7.9,5.2,3,9,2,1.5,25,172.4,18,18,8.8
6.7,6.9,5,9,10,2.1,30,104.1,16,11,2.3
5.8,7.8,6,10,9,4.6,66,141,7,16,21.1
6.3,6.2,8,1,2,3.6,40,146.6,20,5,0
3.4,6.5,1,7,6,3.4,36,167.3,14,3,28.7
6.2,6.5,3,10,7,3.9,50,108,19,1,12.4
5.7,4.3,1,10,6,5.1,53,183.1,18,14,10.6
3.5,6.8,5,3,4,3.1,32,84.3,6,15,5.7
4.7,5.8,8,10,1,0.9,42,235,12,11,15.3
5.7,7.2,4,10,2,3.4,76,112.4,0,6,8.4
4.8,6.5,9,1,10,1.3,20,52.1,6,12,12.4
1.2,6.3,6,2,10,0,23,146.4,4,0,16.7
8.2,6.3,6,6,6,3.4,49,129.4,17,18,15.4
5.7,6.1,5,10,8,4,50,104.1,7,12,19.9
1.5,4.9,10,2,3,3.7,66,217.3,14,0,14.3
10.3,7.6,5,2,7,4,35,187.7,17,1,2.4
8.5,5.7,7,4,9,5.2,62,173.1,5,0,0
5.3,5.9,8,3,4,1.1,22,102.2,4,11,11.7
4.3,6.6,7,8,7,2.2,31,123.5,10,9,11.8
6.8,5.2,1,8,7,0.4,31,119.4,7,1,25.4
6.4,5.9,1,6,10,3.9,30,58.7,8,0,9.1
7.1,8.8,10,4,9,5.5,35,163.6,12,4,13
4.3,6.9,6,7,3,1.9,48,167.2,2,1,16.2
8.2,5.5,3,9,1,4.4,72,156.1,2,3,14.1
5.1,4,9,2,8,1.5,40,161.4,6,13,16.8
7.4,7.7,7,6,4,4.3,64,93.4,2,8,3.5
4.4,5.3,2,7,2,0,63,105.3,10,5,2.2
11.3,5.8,3,1,5,6,61,134.2,13,11,7.8
7.4,6,8,6,4,0.8,77,219.2,20,11,0
11.8,5.4,1,8,1,3.3,62,208.1,9,8,9.7
7.7,6.4,5,7,7,5.8,69,175.8,19,14,4.7
4.9,5.8,10,2,4,0.7,24,250.7,8,9,12.6
7.7,7.2,1,2,8,6.5,71,175.5,11,1,7.9
7.8,6.7,9,4,9,7.2,32,181.8,7,17,1.9
6.7,8.2,7,5,8,4.4,36,224,11,6,20.5
7.3,8.2,5,5,1,3,31,184.8,8,8,10.7
7.5,5.4,6,2,8,2.6,36,232.4,17,19,16.9
4,6.1,3,7,5,4.1,20,151.4,16,20,11.5
3.9,9.1,3,8,1,4.5,27,118,10,20,13.7
4.4,5.1,7,2,9,0,35,145.2,20,17,0
6.3,7.5,7,4,9,2.4,34,161.9,1,2,20.2
5.6,7.2,7,3,7,1.8,38,104.8,20,12,17
4,5.5,2,4,7,1.5,44,114.4,18,9,9.8
7.6,5.5,2,5,1,1.6,50,128.9,13,16,12.3
6.6,8.7,5,6,9,0.4,61,95.1,2,2,18
6.3,8.7,4,2,1,6.1,21,120.6,5,20,7
5.5,7,7,10,7,1.8,76,186.7,3,8,0
5.2,4.8,3,6,9,2.7,78,189.7,11,16,7.2
4.3,8,5,9,9,2.4,44,79.9,1,15,11.2
7.9,4.8,2,8,5,1.9,50,165.5,5,5,9.7
4.6,7.4,1,1,6,3.8,23,146.5,4,17,20.5
6.4,4.6,9,9,2,2.4,23,202.6,4,5,2.3
9.3,6.5,4,10,2,4.2,71,136.5,7,5,3.3
5.3,7.6,8,2,10,6.1,31,88,4,16,1.5
7.9,3.1,7,1,9,0.8,36,125.7,7,20,13.4
7.1,5.9,1,6,1,3.6,40,90.1,0,9,0
6.6,6.7,10,1,10,3.6,48,37.2,19,1,16
6.9,6.1,7,6,5,0.6,41,147.3,8,0,2.5
5.8,5.7,2,2,7,4.3,55,176,13,10,3.8
6.1,6.3,3,7,10,2.5,59,159.4,1,5,24.2
4.9,7.7,1,7,6,6.2,35,85.8,10,0,19.9
6.1,8.1,7,4,6,5,34,82.4,3,15,11
4.8,7.3,3,2,6,3,49,160.9,3,8,0
8,8.4,6,7,8,2.6,65,234.9,16,11,26.1
2.6,5.9,7,1,7,6.5,70,214.7,15,8,8.4
7,7.2,3,2,5,1.8,30,135.3,6,12,12
6.7,5.3,2,2,10,3.5,76,160.6,11,6,17.3
6.5,10,9,1,2,2.9,32,195.7,16,0,0
8,6.6,9,9,10,5.4,42,142.8,4,2,4.9
5.4,7.5,7,6,6,5.5,59,82.8,7,2,9.5
6.5,4.4,5,3,10,4.1,74,9,19,18,11
2.6,7.4,4,6,5,1.9,60,159.1,4,3,0
5.2,6.6,4,7,4,2.7,53,140.1,10,11,12.6
7.7,7.1,1,3,10,0.5,39,64.7,18,3,10.3
3.3,6.5,4,4,5,3.5,21,78.6,20,20,23.3
6.3,6.4,7,10,9,1.4,27,136.9,18,9,18
4.6,6.1,5,1,2,7.5,37,122.7,3,3,7.8
5.8,6.4,9,6,6,1.9,75,221.6,10,10,8.4
4.8,8.3,4,6,9,5.1,73,220.9,18,3,18.1
3.5,6.1,3,9,10,6.1,26,107.5,4,10,12.3
6.8,9.2,6,2,5,4.7,62,225.2,1,16,0
5.9,6.6,4,5,6,2,50,230.8,18,20,26.8
7.2,8.2,2,5,10,1.8,80,164.6,16,19,2.1
7.6,7.9,5,7,4,8.9,41,103.5,20,19,29.8
8.5,4.6,4,5,5,6.9,47,156,19,12,13.4
6.3,4.9,5,10,8,3.6,44,43.7,17,16,4.9
8.5,5.7,9,4,1,2.3,71,120.6,14,12,0
4,4.6,4,10,1,1.3,20,163.3,15,16,16.2
7.8,6,6,2,10,1.8,51,169.3,11,18,0
6.9,6.5,4,8,4,4.4,44,127.8,7,19,12.9
6.5,7.3,1,5,10,7.6,67,153.5,5,14,25.5
6.9,6.7,2,4,3,2.8,35,99,17,3,0.9
4.1,6.5,6,9,5,5.4,48,220.4,10,17,15.9
3.6,7.7,8,2,10,4.8,61,222.4,5,10,3.5
9.4,7.6,9,3,8,2.4,43,185.5,16,8,19.1
5.7,8.8,4,8,1,5,36,136.6,9,15,10.5
5.6,6.7,6,4,5,5.1,80,108.8,18,2,9.8
3.8,3.6,3,9,5,4.8,61,192.3,14,17,19.7
3,7,9,10,2,2.2,25,159.2,15,16,15
5.8,9.2,8,10,5,4.4,33,99.9,16,9,3.6
5.3,7.7,1,10,8,5.4,45,202.9,6,4,24.3
6,8,2,10,10,4.9,79,127.6,18,14,0
6.2,6.6,10,9,7,5.2,47,106.8,7,19,12.2
11,7.6,9,10,2,2.6,66,197.3,7,17,3.4
5.3,8.1,10,9,6,5.1,55,110.6,4,4,0
9.2,6.1,3,1,10,5.6,50,156.3,10,14,0.9
9.3,5.9,3,6,1,2.1,46,214.2,1,5,9.6
7.5,7,10,10,10,0.2,21,209.1,17,7,12.8
5.5,7.7,9,6,10,6.3,38,167.1,20,2,18.5
3.3,3.2,3,8,3,2.1,47,91.4,3,4,21.8
7,6.3,10,7,6,1.5,64,125.1,11,17,12.2
8,4.2,5,7,9,3.4,63,270.8,3,14,6.5
9.5,6.4,6,2,1,2.5,76,197.4,4,11,18.3
4.1,8.5,3,4,6,0,40,138.4,16,18,5.1
5.5,5.8,10,1,2,4.8,74,87,18,6,0
4.1,6.2,8,7,9,4.7,64,55,9,0,17.5
4.7,7.3,2,4,2,0.9,34,210.8,13,20,20.6
7.3,7.7,6,9,3,2.9,53,211.8,14,1,3.4
4.6,7.6,2,6,2,1,59,148.1,13,18,25.7
4.4,6.5,9,6,4,1.3,22,129.5,15,12,14.7
7.6,7.2,6,9,4,1.8,20,206.7,7,19,13.5
6.9,7.1,9,8,10,4.1,80,76.1,8,17,5.9
6.7,5.7,4,6,1,7,43,249.9,7,9,18.1
4.7,4.4,3,6,8,2.2,62,186.9,10,12,0
8.6,5.4,2,6,5,4.7,46,87.4,11,4,7.3
6,8.2,8,4,8,4.6,28,189.3,13,12,4.1
10.8,9.2,4,5,6,0,43,115.8,17,8,0
6.3,6.4,2,3,2,0.2,36,83.2,11,0,16.9
1.3,8.2,9,9,7,7.1,47,189.1,3,5,12.7
1.2,6.1,8,2,10,2,58,94.8,12,0,16.4
7.2,6.9,5,7,9,3.9,74,83.2,20,17,7.8
8.6,5.8,8,1,7,3.7,23,174.2,15,15,17.9
4.4,7.7,5,10,5,0,80,144.8,9,7,10.6
10.2,5.7,7,7,4,1.6,48,200.6,20,5,6.2
9.3,5.4,5,2,8,4.5,64,135,10,12,4.9
6.4,6.6,5,5,6,1.1,47,130.5,11,16,0
7.1,7.5,4,1,5,2.2,75,48.2,17,12,19.3
7.8,6.7,5,5,7,0.6,56,175.1,1,9,18.4
9.8,5.9,7,4,3,1.3,48,149.1,18,5,33.4
7.4,5.4,3,1,9,1.9,63,209.4,4,17,7.3
6.4,4.5,4,1,4,0,71,188,19,19,4.7
7.3,6,8,7,4,5.3,48,166.6,9,12,0
7.1,6.3,6,3,8,0.2,24,113.5,15,14,17.7
7.8,7.2,8,10,6,2.7,30,129.2,11,5,15.8
2.9,5.1,2,9,1,1.5,21,177.5,8,10,22.4
6.6,7.3,9,9,2,5.2,23,147.4,2,7,2.7
6.9,5.8,7,10,9,0.5,29,220.9,0,13,15.7
5.9,5.9,5,9,6,1.4,75,215.7,4,12,5.8
7.6,8,7,1,7,0.3,58,137.5,7,1,20.7
9.8,3.5,2,4,9,0,63,154.7,16,0,14.3
6.3,5,4,1,3,4,27,110.3,0,4,0
7.4,6.6,7,1,5,3.1,74,144.9,12,10,9
9.2,6.5,2,9,5,3.4,42,197.5,5,9,0
6.3,4.5,8,5,10,4.6,46,122.8,14,11,0.7
4.2,5.9,10,1,7,3.2,42,131.7,6,9,1.2
7.2,7.6,10,3,2,2.1,67,91.6,7,8,4.9
1.6,5.1,5,7,4,3.5,53,121.8,2,1,7.9
1.4,7.8,5,2,4,2,54,180.7,14,3,11.3
6.7,5.6,8,4,8,5.2,36,138,3,3,10.9
1.3,4.3,1,2,10,2.3,66,92.4,8,20,9.8
3.4,7.5,6,9,3,2.8,69,160.6,10,5,12.7
5.2,6.8,2,9,2,4.3,29,147.4,20,11,0
4.6,4.7,1,7,9,7.7,73,206,13,6,10.6
5.7,5.8,7,7,4,1,21,143.2,8,18,21.5
8.2,8.6,4,2,9,0.6,36,100.2,11,1,8.7
6.5,7.3,1,10,6,2.5,50,198.2,4,18,14
4.3,7.8,10,8,1,1.5,35,101.5,20,3,13.2
8.7,5.1,6,1,3,4.4,43,84.9,5,2,16.9
3.1,8,10,8,7,3.4,76,98,18,3,12.3
6.4,4.8,6,5,9,0.8,26,119.5,4,13,16.8
2.9,4.8,3,4,8,4.5,38,55.5,0,5,14.1
6.5,7.5,6,10,5,6.7,35,63.7,9,5,15.3
5.4,4.9,10,2,8,1.4,52,189,13,8,13.5
8.2,8.3,9,3,2,3.7,55,141.4,16,4,1.9
7.4,5,6,10,3,0,64,141.7,10,6,0.6
4.8,5.3,1,2,8,2.3,29,147.2,3,12,7.2
4.4,7.9,10,4,9,3.6,62,178.2,17,0,22.4
5.4,5.8,6,3,10,2.7,70,109,18,1,8.6
9.8,7.5,8,5,8,3.2,34,178,3,19,12.5
9.2,5.2,7,7,4,1.4,62,155.6,11,9,0
4.1,6.2,8,9,6,5.5,22,102.1,13,5,11.5
7.6,7.4,8,5,5,2.2,21,180.5,17,3,10.7
2.5,5.5,9,8,4,0.5,62,152.9,0,7,0
5.1,7.7,3,2,9,2.9,61,97.7,19,13,12.3
4.1,6.1,7,6,10,4.8,54,101.5,10,15,0
8.1,6.6,6,8,3,4.1,46,174,18,14,4.2
3.4,5.3,2,9,1,2,24,200.7,0,12,18
6.9,5.6,5,4,7,6.5,34,164.1,0,11,11.3
6,5.5,3,4,10,2.9,55,194.5,2,6,6.4
5.6,5.8,5,7,8,0,68,211.6,13,14,5.7
9.3,8.4,9,4,3,4.2,52,138.7,7,5,6.7
9.5,7.8,8,5,3,2.7,20,158.2,14,20,11.3
5.7,7,9,2,6,2.9,31,183.5,3,20,0.4
5.3,5.7,9,2,2,4.8,61,92.6,10,13,19
3,5.5,8,10,6,2.5,60,201.7,7,14,0.8
6,5.3,8,5,5,2.4,28,218.2,6,10,0
9.9,6.1,6,10,7,0.5,76,113.1,1,3,17.9
5.7,6.8,6,10,9,1.9,77,293.5,7,4,6.5
7.5,7.2,6,2,9,3.5,71,189.7,18,1,10.6
3.2,6.5,10,6,1,1.8,39,142.4,8,19,15.2
5.1,7.2,6,6,7,0,49,46.1,15,14,4.2
6.9,7.6,9,8,3,4.3,33,145.4,7,9,11.1
6.2,6.1,10,1,4,4.4,77,171.1,7,3,15.2
7.6,7.8,1,7,2,4.4,42,165.4,10,7,23.1
4.8,5.3,10,7,1,1.1,48,84.5,6,10,5.9
2.5,7.2,6,9,10,3,70,116.9,20,16,6.3
8.2,6.5,8,4,3,3.5,61,184,1,6,14.5
4.1,6.7,1,7,10,4.2,54,179.6,20,10,11.7
7,6.1,6,6,9,4.2,71,197.1,4,9,8.9
6.9,8,9,4,1,0.2,46,155.9,17,0,22.7
2.7,5.8,6,10,3,6.4,73,148.4,10,7,0
8.1,8.2,2,8,5,0.6,68,175.6,16,4,0
4.9,8.2,1,3,3,0,46,154.7,20,12,0
6.1,7,4,8,4,0,49,73.5,5,6,19.6
5.3,6.1,6,5,4,4.4,22,226,12,10,14.1
9.2,5.5,10,4,1,5.9,31,196.1,6,11,0
8.7,4.1,10,3,6,1.7,66,171.2,10,13,9
2.4,7.1,9,10,7,0,50,81.6,17,11,9.8
10.5,5.2,5,7,7,4.7,56,191.9,5,0,0
4.6,5.3,7,7,6,0.4,46,128.1,11,5,11.5
10.2,7.2,6,6,7,4.2,66,191.5,2,10,0.6
5.5,6,6,3,3,1.2,71,177.3,18,10,15.7
5.3,6.8,9,9,5,2.1,43,133,10,11,0.8
5.5,7.1,5,2,7,3.6,67,202.6,1,0,11.8
5.2,8.4,2,3,10,3.7,60,90.4,2,19,20.4
11,6.7,8,1,5,3.2,59,152.8,16,19,17.8
5.8,5.8,3,7,10,5.9,30,232.9,4,5,14.1
5.4,6.4,9,2,2,6.4,46,174.3,1,12,9.3
6.2,5.8,5,10,6,6.6,28,195.7,11,11,0
4.1,8.8,1,8,7,2.6,35,154,4,9,6.5
9.2,6.9,4,9,2,3.2,33,148.9,12,6,8.2
3.1,7.2,9,2,10,5.8,66,89,6,9,7.6
4.8,8.1,1,6,8,1.7,49,142.2,20,17,0
7.9,5.5,8,1,5,2.1,65,183.7,10,5,13.5
6.1,4.8,8,8,8,3,43,95.3,4,7,0.6
7.1,6.5,9,5,3,3,61,101.9,17,19,22.4
9.1,4.8,9,9,2,2.4,32,171,5,8,11.2
8,6,6,3,7,1.1,52,191.3,2,15,17.8
6.3,3.9,5,2,5,4.7,74,250.8,5,1,17.7
10.2,4.9,7,7,5,2.2,28,136.3,15,10,26.6
4.7,8,9,7,8,3.3,68,137.6,2,18,11.5
5.8,7,5,10,9,3,45,191.6,17,3,6.9
5.9,8.7,3,5,8,4.4,68,178.5,3,2,7
5.8,6.5,9,7,10,3.9,61,137.1,4,14,22
3.9,6.4,10,6,2,2.5,64,148.6,8,7,0
2.8,6.8,1,9,10,2.2,69,118.6,3,3,3
6.8,10,1,3,7,2.8,32,92.2,0,10,11.9
4.7,7.8,10,4,5,0.8,40,143.2,10,16,8.8
9.8,5.5,4,9,7,1.4,48,226.1,4,8,17.7
5.9,7,2,10,3,4.1,47,114.1,9,0,0
5.5,6.7,7,8,4,3.6,43,78.2,2,7,9.5
8.2,7.4,2,10,7,1.1,32,99.8,14,1,8.5
6.8,8.7,7,6,2,2.8,75,176.6,13,12,1.4
5.6,7.2,8,3,2,0,61,171.4,4,0,17
4.7,6.1,8,9,1,3.3,39,213.5,7,9,9.3
13.3,8.7,3,9,1,2.3,58,203.1,16,11,8.9
6.7,4.9,9,6,1,7.2,26,164.9,19,10,3.4
8.2,6.2,10,2,6,4.2,60,182.5,18,9,7
4,7.6,10,7,5,1.1,67,112.5,3,13,1.8
4.8,5.6,10,9,10,1.1,34,184.5,1,13,16.9
10.2,6.4,6,9,8,4.3,44,144.6,1,7,18.3
8.8,5.7,4,3,5,4.8,54,192.5,1,10,23.4
6.9,6.5,8,2,1,6.7,32,170.9,2,8,13.5
5.2,5.7,4,5,8,5.3,62,126.3,8,14,7.3
5.5,6.6,4,10,6,4,27,95,4,0,6.2
4.6,6.1,8,7,8,5.8,40,125,19,18,13.9
3.7,8.1,4,3,2,3.1,72,159.2,14,17,11.6
7.8,7,1,4,10,3.1,75,109.2,3,11,8.6
7.1,7.4,6,10,8,0.6,25,142.4,2,7,7.9
7.5,6.7,8,2,6,6,29,204.4,8,4,19.4
5.3,6,3,10,1,3.3,77,208.7,9,12,6.5
6.5,6.9,2,2,1,2.8,68,173.9,16,16,20.8
5.1,6.7,6,7,10,1.4,71,218.2,19,0,11.5
4.5,3.6,1,2,5,5.5,60,86.7,7,1,7.1
9.3,6.5,5,1,7,5,40,214.9,18,6,3.7
6.2,7.3,6,4,4,1.2,33,82,4,1,8.8
7,5.6,8,6,10,4,71,150.5,10,3,14
7.7,7.5,7,10,5,4.6,78,109.4,3,12,7
6.3,6.9,6,10,10,0.5,64,186.9,3,13,16.8
6.5,6,2,4,3,4.3,77,71.7,14,19,6.6
3.8,7.2,8,1,2,3.9,52,61.8,7,2,9
4.2,6.1,8,1,2,4.2,44,117.3,12,8,0
4.1,6.8,5,9,5,7,75,113.7,19,17,14.5
7.2,6.2,3,1,4,8.9,38,121.5,11,15,7.9
6.1,7.2,8,7,2,5.5,28,116.3,1,18,22.6
4.2,8.1,5,7,5,3.5,68,184.4,0,19,15.6
7.2,6,3,1,10,4.3,66,145.8,13,8,10.7
7.1,7.6,9,1,9,3.9,71,227.5,19,18,19.8
4.6,6.1,9,6,8,7.7,56,161.5,7,5,13.2
5.9,6.2,7,8,9,3.3,55,194.1,15,11,18.1
7.1,6,8,7,9,2.2,55,179,4,14,3.1
4.3,4.5,5,6,8,4.1,76,105.1,1,20,13.7
7.1,7.1,5,10,9,7.2,34,124,14,5,14
6.6,6.8,5,3,4,1.1,24,199.7,3,4,0
4,6.7,2,7,8,1.7,36,61.2,3,13,22.1
6.4,8.4,3,6,2,1.5,49,174.3,9,18,0.7
6.7,8.5,8,8,9,0.6,26,141.1,20,17,0
4.7,8.1,6,4,9,1.1,25,112.8,17,12,0
4.9,6.2,9,9,3,4.9,34,136.7,6,8,13.8
4,6.2,7,1,6,3.4,76,231,4,19,0
5.1,5.3,6,7,7,0.4,71,63.8,3,20,5.9
6,6.6,4,9,3,4.4,65,89.1,14,6,16.7
4.9,6.5,7,10,5,3.7,29,53.1,17,20,11.5
3,7.1,4,1,1,4.9,25,128.1,16,11,5
4.6,5.2,7,10,3,1.8,61,118.8,5,8,0
5.2,6.1,5,3,8,0.5,74,158,0,1,9.1
7.6,4.5,2,7,3,4.4,71,126,2,2,16.8
7.2,5.6,7,9,8,4.7,79,172.5,8,4,15.6
7.7,7.6,8,1,9,0.8,60,110.6,4,17,24.3
4.5,5.2,10,6,6,3.5,32,254.9,5,13,4.8
6.3,8.6,2,2,7,1.8,33,180.7,12,18,0
1.2,7.7,6,5,6,4.9,20,175.8,2,20,12.5
6.9,7.1,4,7,8,4.3,52,181.3,2,4,11.7
7.2,8.1,5,7,7,5.4,38,97.7,4,9,10
5.3,6.4,1,10,10,1.3,28,137.7,11,15,4
6.6,5.6,6,7,1,1.6,56,139.8,19,19,0
3,6.4,8,4,3,2.3,68,126.4,17,0,1.9
4.4,4.4,2,6,3,1.9,67,132.6,6,20,14.5
7.5,7.9,1,10,3,3.7,31,191.5,19,3,12.3
7,6.1,9,6,4,0.8,24,147.1,11,4,17.7
5.2,5.6,2,7,1,6,25,165,1,10,12.8
7.6,5.7,8,9,2,6.5,71,65.6,15,13,15.9
6.3,6.5,5,6,5,5.2,74,62.6,1,10,16.1
5,6.6,2,10,6,4,30,102.8,7,7,10.2
5.6,6.3,5,1,9,2.8,70,232,0,0,10.2
5.1,6.3,9,8,2,3.4,72,250.4,13,6,0
3.6,7.2,6,2,9,1.5,57,199.2,9,12,4.7
8.5,5.2,3,3,7,3.3,74,130.3,20,19,5.1
4.9,6.8,8,5,9,3.7,29,171.3,12,5,9.1
4.3,6.1,1,6,4,1.3,34,213.1,9,3,2.6
2.9,4.1,9,7,7,6.2,69,242.7,12,11,17.5
0.7,5.2,9,4,1,2.8,72,92.5,12,4,2.9
7.4,5.5,4,3,8,0.9,80,160.2,0,4,18.8
7.6,8.5,8,9,7,2.6,58,133.9,4,16,2.3
8.4,7,3,4,7,1.8,74,179.3,15,5,5.2
5.7,6.8,6,9,2,1.3,47,152.6,5,9,4.6
5.4,5.9,10,9,10,6.1,22,100,3,15,6
5,5.9,10,3,9,3,75,169.7,9,20,19.4
5.2,5.1,8,3,8,5.1,35,115.2,10,13,7.4
8.2,6.1,9,8,1,3.8,64,148.2,1,9,7.6
5.9,8.2,8,1,1,4,36,150.6,20,20,4.1
6.8,4.9,9,6,5,3,55,234.4,8,16,7.9
5.1,5.8,4,6,2,2.1,38,166,13,4,11.7
8.6,7.6,10,9,1,5.6,23,145.5,1,1,8.3
2.2,7.6,1,2,10,4.3,78,186.2,4,3,8.8
3.6,5.6,7,8,8,2.6,44,105.8,11,17,18.1
6.8,7.9,10,7,4,5,46,155,0,7,12.2
9.5,6,4,2,2,6,31,181.7,18,13,0.8
5.5,5.1,1,1,5,3.7,75,179.4,11,12,9.3
4.3,8.3,3,4,6,6.1,46,123.5,20,6,5.7
8,6.6,7,2,8,2,23,168.2,11,8,14.2
6.6,6.3,3,3,7,1.2,80,184,19,3,10.8
8.6,6.7,1,2,7,2.3,43,104.7,4,4,19
3.4,5.3,7,9,1,3.1,36,119.8,19,14,4.1
8.4,5.8,8,4,3,6.1,79,133.9,1,8,8.5
2.9,8.2,5,1,3,2.2,75,266.5,13,17,1.5
5.4,8.7,6,8,7,3.8,45,112.6,16,13,9.7
6.8,5.2,3,4,2,5.2,37,166.3,14,14,0
6.4,6,5,10,10,3.9,41,132.3,16,0,12.6
8.1,6.5,3,8,7,2,25,103.1,1,18,9.6
2.3,6.7,2,8,9,0.4,38,184.9,20,0,11.2
6.3,5.4,7,9,1,5.4,80,79.5,7,5,16.3
8.4,7.3,10,10,2,0.9,56,222.2,9,7,11.8
6.1,7.4,7,7,6,2.2,53,98,2,3,0
3.7,7.5,8,4,2,3.1,30,116.7,10,15,5.6
8,7.4,1,2,2,5.5,75,178.6,8,10,9.4
4.7,6.6,2,6,5,5,43,187.6,14,3,7.4
4.4,7.7,2,4,7,3.3,64,161.7,10,10,8.4
4.1,7.2,3,6,4,5.4,56,123.4,2,9,23
5.6,4.7,7,8,6,5.9,42,70.3,6,16,10.8
6.4,4.7,7,3,3,2,59,145.5,6,8,13.1
3.5,6.9,7,1,4,2.2,62,107.5,3,9,0
3.9,8,1,5,4,4.5,23,270.6,5,7,16
4.6,7,2,3,4,6.4,37,156.7,18,13,32.8
4.1,7.2,8,6,1,1.6,49,85.5,13,12,20.8
6.1,5.2,9,3,4,0,34,133.4,3,2,6.5
6.7,6.6,10,1,4,4.3,56,187.9,18,13,28.2
6.4,7.9,7,9,6,5.7,42,208.1,18,13,10.2
6.5,7,1,5,9,3.3,31,134.5,16,2,12.5
9.3,6.6,4,2,10,8.3,23,144.1,20,15,7.9
6.8,7.2,10,2,6,1.3,23,178.2,18,9,7.7
7.6,6.8,8,9,6,1.5,71,103.2,11,3,0
5.2,7.9,5,1,7,1.5,60,167.4,16,19,16.3
7.9,6.8,1,10,7,3.2,60,164.3,14,17,7.6
5.1,6.5,7,3,1,3.2,33,176.7,8,3,8.5
6.8,5.2,6,10,8,1.5,78,148.1,19,1,12.2
3.3,8,9,7,1,5.2,77,71.8,15,10,6.7
6.3,5.4,4,1,9,3.5,75,161.4,17,14,12.1
4,6.8,4,2,4,0.9,78,106.2,17,10,19.6
7.9,7.5,8,6,9,4.2,27,236.3,3,20,13.2
7.8,8.6,4,9,8,2.2,42,237.7,3,5,8.8
5.1,6.8,3,9,9,3.2,20,92.8,20,17,9
10.1,8.2,7,8,6,4.8,75,107.2,0,17,11.6
5.4,6.5,5,3,9,5,30,34.6,4,0,3.3
2.8,5.8,9,2,4,4.8,46,186.8,11,12,11.7
4.4,9.8,5,1,3,3.1,23,121.3,13,0,15.5
3.9,5,9,9,3,1.1,48,163.5,9,12,10.7
6.8,10,6,5,8,2.4,36,123,17,20,6.6
3.5,8.5,6,3,2,3,68,69.9,20,4,7.7
4.9,5.8,6,10,6,6.1,38,160.5,9,16,15.2
6.6,7.3,7,10,9,1.9,64,214.4,15,15,1.2
6.3,4.8,4,5,9,3.4,70,148.6,5,20,3.5
6,7.2,4,3,8,0.5,77,98.7,2,17,0
6.3,6.9,9,9,8,3.7,68,142.6,19,9,10.3
5.3,7.5,7,1,1,2.9,43,175.7,14,16,16.9
2.8,6,10,1,7,2.7,71,139.9,4,6,20.7
5.2,6.7,6,3,1,4.7,63,95.1,5,14,22.4
6.9,7.1,1,6,9,1.6,71,251,11,18,4.5
5.7,5.9,7,2,3,5.8,65,74.4,0,8,12
6.8,8.2,6,1,1,1.5,73,263.7,9,20,6.8
4.8,6.7,4,8,8,5.7,60,145.4,2,20,23.2
8,6.9,8,10,7,0,76,194.9,20,4,20.4
0.9,5.5,7,9,2,3.6,63,160.8,4,9,11.3
6.3,4.5,8,10,7,4.2,75,106.1,14,12,5
8.7,4.9,9,1,5,2.3,51,216.4,3,0,0
9,7.2,1,3,7,3.6,50,180.8,18,20,0
5.5,5.6,3,5,10,2.3,68,145.2,16,5,0
3.3,7.4,2,7,7,3.9,35,186.4,7,2,0
8.7,8.5,3,10,2,3.5,51,143.1,4,16,25
5.9,7.4,2,4,2,7.4,63,39.9,3,11,0
5.7,7,6,6,7,0.2,61,64.5,18,10,1.5
4.2,7.3,9,1,3,3.4,77,148.9,8,7,2.6
3.5,7.8,2,4,4,2.2,53,134.1,12,11,30.8
7.1,6.9,4,8,7,3.2,54,145.5,20,10,9.5
7.3,7.3,5,5,2,2.7,78,133,16,4,18
6.4,5.8,5,8,2,2.3,56,93.9,7,7,11.4
4.5,5.3,1,1,9,2,35,80.9,18,11,0
3.9,5.9,6,10,1,4.4,40,107.7,10,5,22.3
3.1,6.1,5,9,3,2.3,32,187.7,20,8,13.2
4.9,6.1,6,4,10,3,77,109.1,13,16,9
4,7.9,4,9,4,3.4,75,202.1,17,1,24.1
2.6,3.2,6,8,5,1.6,37,98.2,4,0,7.2
7.3,6.2,9,8,3,4.2,21,209.3,11,17,8.8
3.4,7.4,1,2,9,1.1,75,124.2,15,2,7.2
8,7.3,6,3,5,4,52,134.6,15,13,18.6
6.8,5.5,1,10,7,3.8,60,135,13,12,16.5
6.6,8.6,7,9,7,2.7,37,179.1,6,1,12.2
9.3,4.8,4,3,9,0.8,47,162.6,20,3,1.6
3.4,6.1,6,8,2,3,56,157,20,14,7
7.7,6.1,7,5,3,0.9,54,146,8,4,1.6
5.4,6.1,5,7,4,2.8,56,121.5,2,9,19.3
11.1,8.1,9,4,8,4.6,31,204.8,13,8,0
5.2,6.5,8,8,1,3,59,154.3,0,17,22.8
4.9,6.9,3,4,9,5.5,27,178.7,13,2,20.3
6.9,7.6,1,5,5,3.6,73,160,19,13,2.7
5.6,5.7,10,1,4,4.5,44,128.9,17,9,6.7
4.5,6.3,8,10,8,4.4,26,269.8,2,16,4.3
4.1,8.5,4,8,9,5.8,21,211.5,5,14,13.4
8.9,7,7,7,3,0.4,52,123,3,17,21.3
3.7,5.2,4,5,4,2,75,252.6,0,16,19.5
6.4,5.5,7,6,1,3.1,52,196.4,20,2,6.5
8.1,7.6,1,1,3,4.6,59,95.4,2,15,20
8.2,5.1,1,8,10,3.3,79,194.1,17,18,19.4
4.8,5.9,2,9,5,3,76,170.8,19,12,8.5
5.6,6.7,5,5,8,5.1,68,158.3,19,16,9.9
5.2,6.5,10,10,1,2.3,42,200.7,2,15,22.3
2.9,8.3,6,7,1,2.2,24,167,20,8,18.5
7.1,3.6,2,10,3,4,80,49.5,20,20,19.8
6.1,7.1,1,4,9,7.8,33,82.3,15,11,30.7
8.9,6.2,9,6,9,3,27,107.2,6,2,14.4
4.4,8.1,7,2,1,1.7,39,249.8,8,8,12.6
8.2,6.2,8,4,4,1.9,37,182.6,1,15,20.9
8.3,6.3,6,5,8,2.3,42,177.1,2,4,25.9
6.1,6.5,9,9,2,5.7,48,155.4,0,18,5.1
1.7,5.7,8,9,4,2.3,26,103.9,5,12,8.4
5,5.8,4,8,7,3.6,43,77.3,20,1,1.9
9.6,6.3,5,4,7,2.8,65,199.8,14,18,12.7
6.6,8.5,2,6,5,0.4,44,233.2,4,17,17.1
7.4,5.9,1,7,7,2.3,33,183.9,12,11,2.4
5.8,5.7,6,1,6,0,57,125.5,7,17,19.1
5.6,6,3,1,2,3.4,22,129.6,12,4,6.4
2.3,6.5,4,4,9,4,72,184.7,18,19,5.7
7.6,8.7,1,3,5,1.3,65,144.2,8,19,19
8.2,5.6,6,10,2,1.9,33,142.1,2,7,5
4.1,9.5,8,4,6,0.3,22,123.1,13,15,0
5.6,7,10,9,10,0,61,116.8,6,1,15.9
5.4,5.3,4,2,5,0,28,144,12,12,8.9
6.8,5.8,10,4,2,4.3,72,70.8,8,0,19.6
4.9,4.2,8,7,10,2.4,26,181,10,4,16.7
7.9,6.6,10,2,10,3.4,45,56.6,8,20,0
6.1,7.8,3,8,7,7.1,26,203.3,10,11,20.5
0.9,6.5,7,10,10,5,26,123.6,13,3,25.2
6.9,7.5,3,4,2,4.1,63,144.1,14,4,18.3
8,7,6,9,7,2,77,177.9,16,10,18.6
3.7,8,4,1,6,6.1,55,135.6,0,9,8
6.8,5.3,6,7,4,5.5,71,113.1,2,7,6.2
9.7,7.6,7,1,4,4.8,32,164.3,2,20,11.7
6.2,8.8,8,10,6,3,22,259.9,2,8,17.4
8.3,9.6,6,9,9,1.2,39,189.4,3,6,17.2
5.1,8.2,4,10,10,6,28,112.1,16,13,6.5
6,6.7,9,10,6,4.7,72,132.4,19,10,5.7
5.6,5.3,7,1,6,2.6,41,126.1,3,17,0
5.2,5.5,9,3,1,2.4,71,98.4,12,17,15.2
5.7,6.3,3,7,5,0.6,64,180,6,7,6.9
2.7,8.7,5,1,1,4.5,52,133.7,3,1,7.6
5.3,5.9,1,5,9,3.3,80,165.9,7,20,23.8
8.7,6.7,8,6,10,3.8,42,19.3,10,6,14.8
4.1,7.6,1,3,4,4.9,80,184.5,18,4,12.6
3.9,3,1,6,2,4.4,42,120.4,6,13,16.6
6.1,5.2,7,4,9,1.3,57,99.7,8,13,21.4
6.2,8.8,8,6,6,3,71,83.1,3,2,0
6.8,7.8,3,6,10,3.8,45,104,3,5,5.5
5.8,7.8,2,4,3,4,51,128.6,0,16,8.1
6.1,5.4,7,1,2,0,80,194.4,5,7,2.2
5.3,8.2,10,3,6,1,75,127.8,2,19,7.9
3.4,5.5,5,10,10,4.3,47,199.1,2,2,0
5.9,6.6,1,7,6,4.3,49,164.6,0,14,17.4
7.4,7.3,2,2,9,6.2,59,241,6,4,5.9
7,7.5,3,4,5,0,36,125,8,18,11.6
2.5,7.1,6,6,9,4.8,76,170.7,2,1,10.4
6.5,6.3,1,5,5,3.8,75,212.4,14,20,14.5
4.2,4.3,8,6,2,0.9,37,181.5,2,7,0
8.8,6.6,2,5,1,0,44,141.5,10,8,13.6
6.7,3.9,5,9,9,4.9,23,125.6,17,4,7.8
7.8,7.2,8,2,10,1,45,52.8,2,2,13.3
6,5.3,5,4,7,0.4,50,138,19,11,0.6
5.9,6.3,8,1,3,3.9,31,103.9,6,2,13.3
9,5.9,6,7,6,3,73,122.9,8,18,20.4
7.9,7.2,7,1,10,4.1,67,152.6,16,15,11.5
6.2,5.6,8,6,4,3.9,37,71.9,8,15,4.3
5.6,6.8,3,10,9,9.7,29,100.4,9,0,4.6
2.6,6.7,5,10,2,4.4,55,169.4,12,16,14.6
6.6,6.6,10,9,4,4.3,21,86.7,4,20,14.6
5.7,7,7,2,1,1.2,79,147.7,13,19,12.9
7.1,5.1,9,1,7,6.1,44,79.9,3,2,9.7
7.7,5.1,6,10,4,2,66,176.3,13,16,11.6
8.5,8.2,10,3,5,1.2,28,182.9,10,16,9.5
6.7,4.7,1,6,1,2.6,66,211.7,9,15,7
3.9,9.1,8,7,2,3.9,51,212.3,4,5,16.1
1.7,6.3,6,8,4,2.1,24,163.7,20,17,12.5
4.4,5.5,1,4,2,1.2,70,61.9,11,13,20.3
8.7,7.5,4,8,1,1.2,22,150.1,20,19,18.9
9.6,5.8,6,7,10,3.4,36,172.9,14,7,12.2
5.5,6.9,10,8,1,4.1,32,156,12,18,14.8
3.1,8,1,5,6,4.3,75,233.1,7,8,2.3
4.7,7.4,10,10,2,0,22,214.9,3,20,9.4
8.3,7,5,7,3,1.3,47,151.3,12,17,12.7
4.8,7.3,3,4,5,4.9,23,187.3,14,0,0
7.2,6.5,7,1,3,2.2,37,76.7,8,20,13.4
6.3,7.5,8,3,6,3.4,75,159.5,5,16,2.3
7.4,5.2,3,10,7,8.3,54,86.8,17,3,3.2
9.6,8.3,10,9,10,0,33,141,8,15,5.8
7.2,6.3,3,4,6,2.7,35,116.1,5,11,9.8
6.3,6.7,3,5,2,4.4,31,117.4,20,12,0
9.9,6.1,6,3,9,1,30,109.4,6,1,16.9
6.7,7.2,6,6,2,2.7,21,130,11,11,11.4
4.4,7.8,3,4,6,0.6,52,121.4,3,9,25.4
7.4,5.3,6,5,9,4.2,32,181.7,10,14,12.4
6.9,6.4,9,7,9,1.7,49,136.8,2,4,14.6
5.4,6.7,8,7,2,2.1,45,147.7,6,0,3.2
5,7,7,9,9,4.8,69,164.6,1,7,0.5
5.4,6.2,7,2,8,4.1,37,164.4,9,20,15
4.9,6,8,4,7,4.9,32,96.6,2,17,1.3
5.5,7.6,7,8,8,6.5,23,136.8,16,5,15.1
4.3,7.1,3,4,10,3.1,78,161.9,10,0,23.7
6.8,6.8,8,3,8,7.2,52,106,0,13,17.6
6.6,8,8,10,1,3.4,34,100.3,1,9,14.6
6.7,4.9,1,6,9,5.6,36,91.3,12,3,12.2
5.9,7.5,10,3,6,2.9,25,160.1,13,17,6.9
5.6,6.9,5,2,1,4.7,24,135.3,16,18,9.1
8.9,4.8,5,9,1,2.1,52,142.4,1,7,5.5
6.1,7.9,1,3,7,5.7,73,61,16,11,0
8.5,7.2,6,1,10,5.3,35,153.5,18,9,10.3
4,7.4,6,9,2,2.6,65,156,8,12,18.9
7.2,6.1,4,5,6,3.3,43,163.2,11,6,0
4.5,7.4,6,7,5,1.1,80,222.1,15,16,21.2
4.9,5.6,6,2,5,4.9,24,112,3,11,19.7
5.2,4.9,1,1,10,4.7,22,174.4,10,5,13.2
5.1,6.5,5,6,6,0.5,54,166.7,20,6,13.2
5.1,7.3,2,5,8,7.3,80,172.8,19,12,8.5
8.4,7.7,7,10,5,3.8,46,134.5,3,13,10.3
6.1,6.7,9,6,8,2.5,31,188.2,1,12,6.3
6.5,6.6,9,2,5,5.4,69,113.5,9,5,10.3
5.1,7.7,9,7,10,2,60,126.5,8,18,11.1
7.7,6.1,7,1,6,5.6,44,140.7,16,12,25
6.7,5.8,7,8,8,0.6,74,138.5,11,8,14.5
5.4,8.4,1,7,2,2.6,36,168.7,3,10,8.3
2.8,6.2,6,7,7,2.8,68,163,8,9,9.2
6.4,7.6,5,6,3,1.9,39,163.4,13,2,4.3
7.2,8.1,8,10,9,1.5,47,216.1,3,18,5.6
4,6.8,8,5,10,2,69,139.6,1,6,17.3
5.4,6.8,4,9,7,1.9,80,202.8,17,4,6
7.1,8.7,1,3,3,2.1,54,96.8,12,14,5.1
2.9,4.9,6,9,8,5.9,69,143.6,9,1,5.3
4.7,4.9,10,5,10,3.9,34,146.6,13,10,4.2
6.8,7.5,1,8,2,2.8,52,84.6,8,5,19
8.2,6,5,3,10,4.5,22,152.3,10,4,11.1
10.4,7.5,5,7,8,2.8,26,155.8,19,19,7.7
9.9,6.4,3,10,7,1.4,29,179.9,0,6,10.2
6.3,7.5,5,4,5,0,60,174.1,11,3,11.7
5,5.4,6,5,4,5,45,86.1,16,4,4
7.8,7.2,5,4,10,0,60,209.8,16,4,0
4.9,5.9,1,9,10,0,59,126.9,7,9,20.7
4.5,7.4,7,7,1,4,25,119.8,16,17,17.9
5.4,9.3,3,6,4,3,52,174.5,20,1,13
5.1,5.5,7,6,6,5.9,35,192.6,19,14,17.4
6.8,6.1,5,10,6,1.7,43,126.4,20,8,25.3
4.8,6.3,3,7,2,4.5,75,147.8,12,1,5.7
6.2,6.9,6,5,9,2.6,49,195.6,12,2,1
9.2,3.8,1,10,1,4.1,79,103.5,14,19,15.3
6.2,6.5,6,3,4,3.3,76,10.1,17,1,0
9,6.2,4,3,4,4,29,176.9,12,1,10.3
8.4,6.2,4,7,2,3.4,30,195.8,7,18,7.6
7.2,6.9,5,10,8,3.6,63,70.3,6,13,15.4
5.3,6.9,9,1,2,0.8,41,149,18,17,6.1
8.1,6.9,1,4,2,3.2,22,125.1,9,20,19.6
5.5,5.2,3,10,2,4.2,57,156.4,11,0,4
6,6.2,4,8,1,2.9,59,46.6,1,6,15.6
6.7,6.1,2,4,5,2.8,42,86.6,13,7,4.7
6,7.1,9,1,4,0,64,172.4,9,11,14.4
4.6,5.3,7,5,2,6.1,75,143.3,16,3,1.9
2.9,6.7,1,1,1,0.3,38,225.2,12,6,9.8
7.9,8.4,9,9,1,1.8,59,179.4,0,17,20.6
7.1,3.3,6,8,2,1.4,72,101.8,14,17,10.9
2.6,6.3,2,7,1,3.6,74,186,0,9,19.5
4.5,4.1,1,5,9,3.7,32,235.4,14,9,9.8
6.4,6.5,6,4,2,4.3,55,146.4,19,5,6
6.9,7.5,7,7,3,4.4,22,170.1,14,11,11.4
3,5.9,10,3,9,6.4,41,191.3,13,9,14.9
5.8,7.6,6,8,5,2.4,44,141.7,12,12,0
7.1,8.1,7,5,8,1.3,39,44.2,1,11,14.2
5.3,7,6,5,7,2.5,47,177.8,7,18,2.5
6.5,5.9,8,1,6,0.8,76,190,8,0,0.5
5,7.1,2,10,2,2.3,22,223.2,18,0,14.3
7.8,8.5,9,8,4,0,41,95,18,10,20.7
4.4,4.9,9,7,9,1.3,63,97.3,8,17,11.7
3.7,7.8,9,1,7,0,56,115.5,6,1,0
6.1,5,7,4,3,5.4,76,141.6,13,5,4.6
3.1,4.7,9,4,6,3.2,57,176.9,1,15,6.7
1.8,5,1,9,8,6.8,37,93.9,11,0,11.6
8.2,6.5,3,10,8,5.2,39,197.5,10,8,9.4
4,8,2,2,8,5.4,65,194.9,16,14,14
3.3,4.1,1,4,8,2.7,24,196.4,1,15,18
4.4,7.7,5,10,10,4,62,134.5,11,13,12.8
4.3,6.3,1,3,6,1.2,78,38.2,14,6,17.2
5.7,5.2,3,10,10,1.9,28,230.1,7,0,7.8
3.8,7.2,6,5,3,3,48,120.4,7,15,36.4
7,5.9,6,7,9,0,36,185.9,17,8,14.4
7.3,9.2,3,5,3,2,31,156.1,13,10,15.5
3.5,7.1,4,5,4,4.6,76,206.4,9,9,24.1
4.8,6.6,7,4,10,2,45,147.4,3,10,10.7
5,7.3,6,9,1,1.5,52,153.4,15,5,4.8
5.7,8.1,2,6,2,2.2,52,159,15,1,20.5
8.2,8.2,9,10,6,4.5,55,170.9,20,17,20.9
8.3,7.6,6,6,1,3.7,48,88.2,16,11,11.2
11,8.2,2,6,9,2.5,41,243.8,8,13,24.1
1.5,7.9,7,6,8,3,37,146.5,10,7,9.3
4.2,7.6,10,1,2,4.7,36,178.8,12,3,17.5
9.6,6,10,6,2,5.6,63,225.8,0,17,22.1
2.4,8,4,4,8,2.1,71,149.6,6,20,10.8
9.6,6,1,2,8,2.8,43,100.2,10,12,13.7
6.3,6.8,10,6,1,5.5,41,98.6,2,13,18.2
6.4,6,9,1,5,4,63,127.5,1,19,7.1
3.4,7.3,10,1,2,0.2,24,166.7,13,14,3.5
5.1,8,8,5,1,1.2,20,171.9,9,19,20.7
9.5,6,5,6,3,1.3,38,206.5,19,18,12.5
5.9,4.8,3,2,3,2.2,49,73.2,16,13,6
5.1,7.7,4,10,10,3.7,58,161.1,7,11,10.8
6.8,7.7,3,8,9,6.8,34,180.8,14,14,14.1
5.6,8.4,10,4,10,2.8,65,178.9,5,5,0
6.7,7.6,8,4,1,4.3,77,29.2,19,18,15.7
4.3,7.6,5,10,2,5.3,54,131.4,1,1,13.3
5.8,5.6,8,5,9,6,24,190.7,14,5,23.2
4.7,7.4,1,10,5,5.3,25,109.4,15,10,8.2
2.4,9.1,9,4,9,1.5,44,90.7,1,0,21
7,5.8,10,5,6,0.1,30,178.2,13,8,9.6
3.5,5,3,10,10,1.7,70,165,19,12,11.1
5.7,6.7,1,3,10,3.3,41,161.5,0,8,12.2
7.9,7.6,3,8,3,1.5,78,117.7,8,14,26.7
3,6.8,2,6,8,0,53,84.3,16,17,0.1
7.2,8.6,7,8,9,0.6,76,197.5,20,3,14
5.4,5.5,10,5,2,9,63,316.9,13,3,10.3
4.1,4.7,4,7,9,2.6,76,69,9,11,9.8
10,8.2,7,10,4,6.6,74,201,12,8,14.7
6,4.8,3,7,8,2.5,33,141.4,12,17,18.8
4.9,6.9,6,6,5,4.6,78,165.9,18,5,14.3
4.4,8.2,7,10,6,2.7,28,147,7,16,19.9
7.8,6.8,7,4,4,3,39,259.8,6,16,8
4.8,5.7,5,6,5,4.6,35,109.9,16,12,9.6
7.5,8,6,9,1,2.2,77,119.9,7,11,2
6,6.7,3,4,3,0.6,36,153.8,3,13,25.9
8.2,6.2,4,6,4,1.4,36,178.4,6,7,8.5
3.9,8.5,6,6,1,1.4,53,216.7,19,14,7.6
4.2,6,3,3,3,3.2,61,174.6,16,8,14.9
5.4,5.8,7,4,4,0,30,161.3,4,0,18.9
5.6,5.4,3,3,9,3.6,54,127.9,19,16,4.5
5.3,8,9,3,3,5.5,53,175.6,3,9,19.5
11.3,7,4,10,3,2,55,114.3,18,4,7.6
10.1,5.9,2,4,4,1.7,27,160.1,0,10,21.4
6.6,4.8,6,4,9,6.9,38,139.1,20,2,5.7
6.8,8.2,9,6,9,5.9,71,100.9,9,1,15.9
5.5,5.9,10,4,1,3.9,69,227.9,5,3,10.3
3.9,4.3,10,6,8,1.5,52,101,11,20,1
5.6,6.6,2,2,10,4.2,75,130.3,16,1,0
7.5,7.7,4,4,1,1,42,70.8,4,0,4.1
8.6,7.4,5,2,2,0.4,77,141.6,8,8,17.9
8,6.6,9,8,10,3.9,21,171.7,8,2,0
3,6,7,9,5,2,27,104.7,4,5,12.7
5.4,5.8,5,7,6,0,48,59,18,13,12
3.1,8,6,6,2,4.2,61,131.2,10,0,0
8.3,4.2,9,8,10,5.9,70,142.2,11,11,3.6
5.2,5.4,4,4,5,4.3,26,138.2,4,20,3.6
5.9,6.4,2,10,3,2,68,229.3,7,15,10.4
7,4.1,5,2,7,0,79,166.7,16,19,21.7
11.5,6.2,7,4,1,3.3,48,162.8,7,18,18.6
6.5,5,4,5,5,1.7,50,166.5,1,17,7.1
5.5,7.1,1,9,3,1.2,49,166.2,17,13,3.4
3.5,5.8,8,5,2,0,54,127.8,18,2,0
8.9,6,5,9,3,6.8,44,103.2,20,13,7
5.6,5.7,10,9,10,0.8,66,273.6,9,16,2.8
9.3,7.3,2,8,4,0,23,142.7,6,12,9.7
8.2,6.4,3,5,2,6.4,68,151.1,8,0,10
5.1,7.6,10,2,2,3.1,62,152.3,11,7,6.2
3.2,7.9,10,5,3,2.8,57,112.2,11,20,6.4
6.5,6.2,5,1,2,3.6,36,158.9,4,1,4.4
4.8,5.7,4,8,6,3.9,29,86.1,10,18,5.9
6.1,6,9,2,2,3.4,20,185.8,16,14,21.5
8.1,9.7,9,7,1,0,37,137.2,14,13,14.1
2.7,5.8,8,2,8,0,65,206.4,10,13,14.3
6.5,6.3,2,5,10,1.5,38,175.9,14,17,18.1
7.5,6.8,5,10,4,2,80,169.7,15,14,17.4
7.6,7.2,8,7,2,2.3,69,110.3,18,9,21.4
3.3,6.6,8,6,4,3.5,75,153.5,20,17,14.7
6.8,8.6,7,5,2,2.4,51,187.8,11,19,11.6
8.4,6.8,4,6,5,1.6,73,155.8,2,3,5.3
6.7,6.3,3,2,7,3.8,50,82.1,7,6,3.4
5.8,7.6,8,10,6,4.4,52,199.3,10,1,17.1
8.3,5.4,8,1,2,1.4,41,187.8,0,8,9.1
4.6,7.1,10,1,4,0.3,20,75,3,3,0
2.9,6.1,5,8,8,3.4,60,156.3,5,11,0
5.6,8,3,3,7,2.2,65,190.8,9,9,27.2
7.1,8.1,5,3,7,4.7,54,120,14,10,2.1
8.1,6.3,4,9,4,1,63,83.7,7,0,4.5
7.1,5.5,8,6,1,0.6,68,96.3,13,12,19.8
7.7,4.3,2,4,7,1.7,36,144.6,1,6,0.3
8.1,6.8,8,4,6,4,53,196.5,19,5,14.3
5.3,3.9,10,7,8,2.3,48,95.6,20,8,24.6
5.7,6.4,6,6,5,2.8,25,96,5,17,26.9
8.6,5.8,4,2,8,2,20,134.8,2,2,6.4
3.6,7.2,3,9,10,5,74,184.4,1,12,9.9
6.9,6.5,10,2,8,4,46,237.7,13,2,6.8
4.6,5.8,5,8,9,0,31,154.4,17,12,9.9
8.2,7.5,6,4,1,4.8,23,116.3,14,5,20.4
6,5.2,1,10,3,4.2,74,110.2,3,17,0
6,7.2,1,1,6,5.2,35,218.6,15,1,15.2
9.5,9,10,1,4,1.9,71,86.9,11,19,8.4
3.8,7.7,3,9,8,1.1,30,159.7,16,16,20.9
6.4,6,2,4,10,2.8,71,215.9,0,0,20.5
5.6,5.3,1,1,1,3.3,39,142.1,19,16,6.7
7.1,7.6,8,3,5,5.4,45,95.9,8,4,9.1
9.9,5,1,3,4,4.3,47,176.5,11,8,17.1
4.8,6.5,10,7,1,3.3,61,155.2,4,3,17.9
3.6,7.4,8,6,10,2.7,27,173.5,16,13,0
4.4,5.3,5,8,6,3,21,178.9,2,7,17.1
5.5,5.2,4,7,10,2.2,59,175.9,5,12,23.2
6.1,4.9,8,1,3,4.4,45,164.8,2,5,12
6.2,8.4,8,3,5,0.1,46,183.8,5,13,17.6
9.6,8.5,8,9,6,3,52,217.5,20,8,20.2
9.2,8.5,3,4,4,5.1,80,110.8,12,16,11.8
8.6,8.7,8,3,10,0.7,74,136.7,20,6,16.5
11,5.7,1,5,10,6.9,26,189.7,18,8,10.1
7.6,4.3,4,8,6,0.8,73,146.4,14,14,9.6
8.2,8.5,5,1,7,2,65,86.8,6,9,4.7
7.6,7.6,6,2,2,5.1,55,166.6,12,13,11.4
7.3,7.5,5,7,7,5.9,40,125.4,19,15,25.1
6.8,5.3,5,1,7,3.7,68,256,1,1,2.8
5.2,6.6,5,5,2,3.7,53,199.7,18,3,14.9
3.5,6.7,9,10,3,6.6,77,208,18,20,12.6
5.7,6.4,10,8,3,0.3,42,152.1,2,14,21.8
7.1,5.5,10,6,1,0,53,165.5,2,10,23.3
6.1,4.2,3,3,1,0,59,132.9,5,20,2.6
3.9,5.6,2,7,10,1.3,26,108.1,12,10,5.4
5.7,3.1,10,3,6,1.6,45,104.4,13,12,5.8
5.6,6,2,5,9,3.8,59,256.8,5,15,6.1
5.9,5.8,8,7,9,5,71,169.8,8,8,6.8
7,5.1,5,2,1,4.8,68,83.9,9,20,12.8
7.4,7,5,10,7,4.8,74,198.1,15,1,3.2
5,6.1,6,4,6,1.1,36,281.2,14,1,4.3
8,6.2,9,2,4,3.8,50,73.2,11,4,3.7
8.3,8.2,7,7,3,1.5,58,180,12,4,13.9
6.6,6.1,5,3,9,4.2,44,93.9,17,4,9.5
7.3,7,5,9,10,3.1,56,207.8,1,13,8.1
8,5.2,10,6,5,4.8,34,43,13,5,3.3
3.8,6.8,9,1,8,7.8,21,153.9,16,15,0
8.1,6.4,9,10,4,2.9,30,172.2,0,15,23.1
4.4,6.6,2,8,4,0.8,51,80.8,10,7,7.7
4.6,5,7,7,6,0,49,172.2,13,4,31.7
6.4,5.1,10,1,6,1.2,36,126.8,11,12,16.2
1.7,6.1,1,3,3,5.1,43,236.2,13,2,24.6
6.4,8.1,4,3,2,4,64,78.8,16,8,17.9
8,4.8,2,3,9,3.5,23,195.4,11,3,11.3
2.7,8.5,10,7,2,3.8,75,145,5,7,5.2
8.2,5.7,9,6,9,4.4,69,214.7,8,15,2.2
4.6,6.6,6,2,8,0,80,215.8,11,10,19
6.4,7.7,4,5,10,5,65,137.4,16,18,12.1
4.9,6.1,3,6,7,3.8,51,147.8,15,9,14.9
7.1,6.2,4,2,5,0.1,38,195.4,1,6,16.5
8,8.2,2,1,3,3.7,22,176.1,17,11,12.8
7.3,7.8,5,4,2,0.4,23,144.1,15,7,6.2
6,7.3,9,4,8,4,44,108.3,9,9,18.1
5,6.3,6,4,2,3.2,28,168.3,18,4,8.4
5.9,6.4,2,1,8,1,40,94.4,3,4,10.7
7.3,5.2,6,3,5,3.8,42,182.4,6,12,15.7
7.4,6.2,9,7,9,4.6,65,205.5,15,1,9.5
7.1,6.6,4,4,4,1.9,48,108.7,18,11,0
3.4,6.5,1,2,8,4.6,49,129.1,4,10,18.3
6,6.9,2,8,7,2.4,44,118.5,4,1,20
4.7,7.8,5,1,8,4.7,68,202.7,6,14,0
7.3,4.7,10,9,5,2.8,48,152.7,16,19,1.7
4.5,5.7,7,5,2,5.3,53,131.7,0,6,26.2
6.9,7.9,8,2,7,1.2,33,182.4,2,7,11.9
5.4,9.5,3,4,3,1.2,41,126,15,2,10
2.2,5.2,9,3,10,1.4,67,139.8,1,16,6.6
7.9,5.7,2,7,10,3.3,70,94.3,0,19,1.8
5.9,4.9,4,6,10,2.7,35,191.9,20,5,8.4
8.6,4.1,4,9,10,3.6,30,95.4,6,14,17.8
2.7,6.8,6,4,2,0.7,79,221.6,9,12,9.9
5.4,7.2,10,3,3,1.6,78,161.9,2,12,14.9
5.6,6.1,6,7,4,5.5,33,142.2,17,11,24.1
6.5,6.2,3,6,10,3.7,26,149.3,2,13,5.4
3.3,6.4,9,5,7,4.2,24,235.5,6,8,12.4
7.1,5.8,5,10,10,2.5,77,82.7,14,9,18
9.8,6.4,2,7,1,3.6,59,86.4,0,4,2.5
6.9,8.2,6,5,6,2.1,48,198,18,20,11.4
6.2,5.5,3,9,6,0,36,103.9,4,4,25
3.2,6.2,8,4,8,5.1,49,113,20,20,7.3
4.5,6.3,3,1,2,3.4,44,127.8,6,19,18.5
5.9,5.8,5,10,2,1.5,33,206.3,10,5,8.9
4.9,6.6,4,5,1,3,78,190.5,0,11,24.4
8.1,3.5,4,1,3,2.1,61,142.9,1,16,0
7.1,7.2,2,1,7,6,41,170,13,15,10.5
11.4,5.3,8,1,8,4.3,63,168.8,9,17,0
4,5.5,3,1,7,0.7,24,99.9,2,5,4.4
6.1,6.3,4,8,9,0.4,59,103.3,13,9,4.3
3.2,4.8,6,2,8,3.5,47,48.2,4,19,7.9
1.6,8.1,9,9,8,3.3,31,224.5,16,20,0.5
7.4,5.5,4,7,2,4,55,116.5,6,8,9.4
7,9.7,3,3,1,2.7,79,150.7,0,1,13.7
4.3,7.3,5,9,6,1.7,32,176.9,10,2,0
6.2,5.8,9,4,7,4,76,101.4,5,9,4.9
4.7,6.1,1,7,6,4.2,40,107.6,15,7,30.3
5,6.7,5,3,7,5.5,51,104,13,8,12.6
5.4,8.5,4,5,8,4.5,68,5.2,16,20,0
4.2,7.6,5,4,2,1.3,75,146.7,14,18,0
4.6,7.6,7,6,1,3.5,76,266.9,13,0,11.8
4.6,6.1,7,9,10,2.4,40,123.5,6,1,10.8
6.8,5.8,7,5,8,1.1,80,124.9,9,19,5.3
0.5,7.3,1,1,8,0,56,131.5,18,3,27.5
5.5,8.1,9,5,8,7.5,57,165.6,6,15,30.9
3.8,6.3,7,5,10,1.9,28,194.1,14,20,7.9
3.9,5.7,4,9,7,2.7,56,108.3,13,11,17
4.9,5.3,4,8,2,3.4,21,173.1,14,1,17.4
6,4.5,2,5,4,3.2,22,145.7,18,14,18.4
5.6,6,6,5,9,0,62,164.9,20,17,4.9
3.9,6.2,10,2,8,2.7,29,172.6,15,15,25.5
7.4,6.5,3,9,4,6.5,54,101.3,1,20,9.5
4.2,7.1,1,4,8,2.6,28,123.7,1,11,13.4
4.5,5.9,5,7,10,6.3,59,173.1,0,17,10
